title,company,price,year,km_driven,fuel_type,transmission,city,link
Honda City (2022),Honda,569901.0,2022,50000.0,Petrol,Automatic,EM Bypass,https://www.olx.in/item/cars-c84-used-honda-city-in-em-bypass-ruby-kolkata-iid-1845121100
Toyota Innova (2013),Toyota,649999.0,2013,155000.0,Diesel,,"Katari Nagar, Rajahmundry",https://www.olx.in/item/cars-c84-used-toyota-innova-in-katari-nagar-rajahmundry-iid-1838652594
Hyundai I10 (2012),Hyundai,181000.0,2012,34815.0,Petrol,Automatic,"Amanora, Pune",https://www.olx.in/item/cars-c84-used-hyundai-i10-in-amanora-pune-iid-1846699542
Toyota Urban Cruiser (2022),Toyota,750000.0,2022,30000.0,Petrol,Automatic,"Rajouri Garden, Delhi",https://www.olx.in/item/cars-c84-used-toyota-urban-cruiser-in-rajouri-garden-delhi-iid-1843438730
Maruti Suzuki Wagon R 1.0 (2013),Maruti Suzuki,125000.0,2013,90000.0,CNG,Manual,"Lodhipur, Parikshitgarh",https://www.olx.in/item/cars-c84-used-maruti-suzuki-wagon-r-1-0-in-lodhipur-parikshitgarh-iid-1847379159
Mahindra Xylo (2013),Mahindra,395000.0,2013,76000.0,Diesel,Manual,"Civil Lines, Allahabad",https://www.olx.in/item/cars-c84-used-mahindra-xylo-in-civil-lines-allahabad-iid-1845830192
Hyundai Elantra (2013),Hyundai,395000.0,2013,64000.0,Petrol,Automatic,"Borivali West, Mumbai",https://www.olx.in/item/cars-c84-used-hyundai-elantra-in-borivali-west-mumbai-iid-1847378900
Hyundai Elite I20 (2013),Hyundai,295000.0,2013,81500.0,Petrol,Automatic,Sector,https://www.olx.in/item/cars-c84-used-hyundai-elite-i20-in-sector-61-mohali-iid-1845889604
Mini Cooper S (2024),Audi,4300000.0,2024,10000.0,Petrol,Automatic,"Lucknow University, Lucknow",https://www.olx.in/item/cars-c84-used-mini-cooper-s-in-lucknow-university-lucknow-iid-1844536037
Honda City (2016),Honda,550000.0,2016,100000.0,Diesel,Manual,"Prempur Losani, Haldwani",https://www.olx.in/item/cars-c84-used-honda-city-in-prempur-losani-haldwani-iid-1845394191
Mercedes-Benz Gls (2021),Mercedes,9100000.0,2021,34000.0,Diesel,Automatic,"Navin Sheva, Navi Mumbai",https://www.olx.in/item/cars-c84-used-mercedes-benz-gls-in-navin-sheva-navi-mumbai-iid-1845592001
Renault Lodgy (2015),Renault,495000.0,2015,100000.0,Diesel,Automatic,"Karamana, Thiruvananthapuram",https://www.olx.in/item/cars-c84-used-renault-lodgy-in-karamana-thiruvananthapuram-iid-1844423892
Ford Endeavour (2019),Ford,2175000.0,2019,84000.0,Diesel,Automatic,Sector,https://www.olx.in/item/cars-c84-used-ford-endeavour-in-sector-17c-chandigarh-iid-1841824801
Mercedes-Benz E-Class (2022),Mercedes,4800000.0,2022,60000.0,Petrol,Automatic,"T Nagar, Chennai",https://www.olx.in/item/cars-c84-used-mercedes-benz-e-class-in-t-nagar-chennai-iid-1838200198
Tata Nexon Ev (2022),Tata,950000.0,2022,73000.0,Electric,,"LB Nagar, Hyderabad",https://www.olx.in/item/cars-c84-used-tata-ev-in-lb-nagar-hyderabad-iid-1825122239
Volkswagen Vento (2013),Volkswagen,395000.0,2013,71000.0,Petrol,Automatic,"Virar West, Mumbai",https://www.olx.in/item/cars-c84-used-volkswagen-vento-in-virar-west-mumbai-iid-1845889062
Hyundai Alcazar (2022),Hyundai,1595000.0,2022,43769.0,Petrol,Automatic,"Pimpri, Pune",https://www.olx.in/item/cars-c84-used-hyundai-alcazar-in-pimpri-pune-iid-1846890003
Maruti Suzuki Ertiga (2014),Maruti Suzuki,475000.0,2014,78000.0,Petrol,Automatic,"Virar West, Mumbai",https://www.olx.in/item/cars-c84-used-maruti-suzuki-ertiga-in-virar-west-mumbai-iid-1845890162
Volkswagen Polo (2019),Volkswagen,890000.0,2019,54000.0,Petrol,Automatic,"Kolathur, Chennai",https://www.olx.in/item/cars-c84-used-volkswagen-polo-in-kolathur-chennai-iid-1838652569
Honda City (2015),Honda,575000.0,2015,83000.0,Petrol,Automatic,Sector,https://www.olx.in/item/cars-c84-used-honda-city-in-sector-70-mohali-iid-1837236793
Tata Nexon (2018),Tata,902000.0,2018,73000.0,Petrol,Automatic,"LB Nagar, Hyderabad",https://www.olx.in/item/cars-c84-used-tata-nexon-in-lb-nagar-hyderabad-iid-1816791454
Maruti Suzuki Swift (2012),Maruti Suzuki,345000.0,2012,81000.0,Petrol,Manual,"LB Nagar, Hyderabad",https://www.olx.in/item/cars-c84-used-maruti-suzuki-swift-in-lb-nagar-hyderabad-iid-1770074582
Mahindra Xuv700 (2023),Mahindra,1350000.0,2023,22000.0,Petrol,Manual,"Park Street, Kolkata",https://www.olx.in/item/cars-c84-used-mahindra-xuv700-in-park-street-kolkata-iid-1846688432
Hyundai Eon (2017),Hyundai,180000.0,2017,36400.0,Petrol,,"Baradwar, Naya Baradwar",https://www.olx.in/item/cars-c84-used-hyundai-eon-in-baradwar-naya-baradwar-iid-1846845530
Kia Syros (2025),Kia,1049000.0,2025,1700.0,Petrol,Automatic,"Raja Park, Jaipur",https://www.olx.in/item/cars-c84-used-kia-syros-in-raja-park-jaipur-iid-1846179310
Maruti Suzuki Wagon R (2019),Maruti Suzuki,406430.0,2019,90000.0,Petrol,Automatic,Sector,https://www.olx.in/item/cars-c84-used-maruti-suzuki-wagon-r-in-sector-132-noida-iid-1831526641
Toyota Innova Crysta (2022),Toyota,2150001.0,2022,22000.0,Petrol,Automatic,"Vikaspuri, Delhi",https://www.olx.in/item/cars-c84-used-toyota-innova-crysta-in-vikaspuri-delhi-iid-1842875391
Volkswagen Taigun (2001),Volkswagen,1050000.0,2001,61033.0,Petrol,Automatic,"Lalpur, Raipur",https://www.olx.in/item/cars-c84-used-volkswagen-taigun-in-lalpur-raipur-iid-1847380231
Hyundai Grand I10 (2019),Hyundai,364000.0,2019,42000.0,Petrol,Manual,"Park Street, Kolkata",https://www.olx.in/item/cars-c84-used-hyundai-grand-i10-in-park-street-kolkata-iid-1845626988
Ford Ecosport (2018),Ford,434268.0,2018,106505.0,Petrol,Automatic,"Sanathal, Ahmedabad",https://www.olx.in/item/cars-c84-used-ford-ecosport-in-sanathal-ahmedabad-iid-1846959322
Kia Sonet (2022),Kia,775000.0,2022,39000.0,Petrol,Automatic,"Park Street, Kolkata",https://www.olx.in/item/cars-c84-used-kia-sonet-in-park-street-kolkata-iid-1842113854
Hyundai Verna (2020),Hyundai,900000.0,2020,72232.0,Petrol,Automatic,"Sarthana Jakatnaka, Surat",https://www.olx.in/item/cars-c84-used-hyundai-verna-in-sarthana-jakatnaka-surat-iid-1839628027
Maruti Suzuki Swift Dzire (2009),Maruti Suzuki,211000.0,2009,85000.0,Petrol,Manual,"Navrangpura, Ahmedabad",https://www.olx.in/item/cars-c84-used-maruti-suzuki-swift-dzire-in-navrangpura-ahmedabad-iid-1846792960
Maruti Suzuki Wagon R (2014),Maruti Suzuki,325000.0,2014,128000.0,Petrol,Manual,"KR Puram Extension, Shivamogga",https://www.olx.in/item/cars-c84-used-maruti-suzuki-wagon-r-in-kr-puram-extension-shivamogga-iid-1846891333
Mahindra Xuv300 (2019),Mahindra,670000.0,2019,88746.0,Diesel,Automatic,"Ambika Vihar, Jammu",https://www.olx.in/item/cars-c84-used-mahindra-xuv-300-in-ambika-vihar-jammu-iid-1822889932
Skoda Kushaq (2021),Skoda,995000.0,2021,31000.0,Petrol,Manual,"Satyasai Road, Indore",https://www.olx.in/item/cars-c84-used-skoda-kushaq-in-satyasai-road-indore-iid-1846392899
Maruti Suzuki Alto 800 (2015),Maruti Suzuki,120000.0,2015,50845.0,Petrol,Manual,"Vikaspuri, Delhi",https://www.olx.in/item/cars-c84-used-maruti-suzuki-alto-800-in-vikaspuri-delhi-iid-1841396274
Hyundai Creta (2017),Hyundai,525000.0,2017,72000.0,Petrol,Automatic,"Karol Bagh, Delhi",https://www.olx.in/item/cars-c84-used-hyundai-creta-in-karol-bagh-delhi-iid-1845190472
Audi A6 (2016),Audi,1950000.0,2016,48500.0,Diesel,Automatic,"Pookkayil, Tirur",https://www.olx.in/item/cars-c84-used-audi-a6-in-pookkayil-tirur-iid-1840802871
Hyundai Creta (2017),Hyundai,699000.0,2017,63110.0,Petrol,Automatic,Sector,https://www.olx.in/item/cars-c84-used-hyundai-creta-in-sector-17e-chandigarh-iid-1846812849
Maruti Suzuki Wagon R (2019),Maruti Suzuki,475000.0,2019,52000.0,Petrol,Manual,"New Palasiya, Indore",https://www.olx.in/item/cars-c84-used-maruti-suzuki-wagon-r-in-new-palasiya-indore-iid-1840119983
Renault Kwid (2017),Renault,285000.0,2017,54000.0,Petrol,Manual,"Sadar Bazaar, Nagpur",https://www.olx.in/item/cars-c84-used-renault-kwid-in-sadar-bazaar-nagpur-iid-1844427527
Kia Seltos (2021),Kia,900000.0,2021,40000.0,Petrol,Automatic,"Padinjare Vemballur, Panangad Thrissur District",https://www.olx.in/item/cars-c84-used-kia-seltos-in-panangad-thrissur-district-kerala-iid-1841084756
Maruti Suzuki Swift Dzire (2022),Maruti Suzuki,505376.0,2022,37546.0,Petrol,Manual,"Didarganj, Patna",https://www.olx.in/item/cars-c84-used-maruti-suzuki-swift-dzire-in-didarganj-patna-iid-1845395214
Hyundai Creta (2020),Hyundai,611000.0,2020,38525.0,Petrol,Automatic,"Vasant Kunj, Delhi",https://www.olx.in/item/cars-c84-used-hyundai-creta-in-vasant-kunj-delhi-iid-1844623526
Tata Aria (2011),Tata,300000.0,2011,159000.0,Diesel,Manual,"Koundampalayam, Coimbatore",https://www.olx.in/item/cars-c84-used-tata-aria-in-koundampalayam-coimbatore-iid-1844779040
Toyota Fortuner (2021),Toyota,3299900.0,2021,180000.0,Petrol,Automatic,"Geddalahalli, Bengaluru",https://www.olx.in/item/cars-c84-used-toyota-fortuner-in-geddalahalli-bengaluru-iid-1828122509
Toyota Etios Liva (2018),Toyota,575000.0,2018,37400.0,Petrol,Manual,"Kundayithode, Beypore",https://www.olx.in/item/cars-c84-used-toyota-etios-liva-in-kundayithode-beypore-iid-1845890541
Hyundai Creta (2019),Hyundai,875000.0,2019,60000.0,Petrol,Manual,"Palika Vihar, Ambala",https://www.olx.in/item/cars-c84-used-hyundai-creta-in-palika-vihar-ambala-iid-1844423820
Mini Cooper 3 Door (2014),Audi,1599999.0,2014,38000.0,Petrol,Automatic,"Geddalahalli, Bengaluru",https://www.olx.in/item/cars-c84-used-mini-cooper-3-door-in-geddalahalli-bengaluru-iid-1838724891
Hyundai Venue (2020),Hyundai,895000.0,2020,50000.0,Petrol,Automatic,"Geddalahalli, Bengaluru",https://www.olx.in/item/cars-c84-used-hyundai-venue-in-geddalahalli-bengaluru-iid-1835345423
Tata Tigor (2017),Tata,410000.0,2017,107585.0,Petrol,Manual,KGRoad,https://www.olx.in/item/cars-c84-used-tata-tigor-in-kgroad-mejestic-bengaluru-iid-1847183797
Volkswagen Vento (2015),Volkswagen,485000.0,2015,35945.0,Petrol,Automatic,"Powai Naka, Satara",https://www.olx.in/item/cars-c84-used-volkswagen-vento-in-powai-naka-satara-iid-1845594320
Maruti Suzuki Swift (2014),Maruti Suzuki,360000.0,2014,139170.0,Petrol,Manual,"Erayikadavu, Kottayam",https://www.olx.in/item/cars-c84-used-maruti-suzuki-swift-in-kottayam-kerala-iid-1846083819
Bmw X7 (2023),BMW,7400000.0,2023,24000.0,Petrol,Automatic,"Vasant Vihar, Delhi",https://www.olx.in/item/cars-c84-used-bmw-x7-in-vasant-vihar-delhi-iid-1842671788
Bmw X7 (2022),BMW,9200000.0,2022,19500.0,Petrol,Automatic,"Mount Road, Chennai",https://www.olx.in/item/cars-c84-used-bmw-x7-in-mount-road-chennai-iid-1838843815
Volkswagen Vento (2015),Volkswagen,525000.0,2015,35945.0,Petrol,Automatic,"Hadapsar, Pune",https://www.olx.in/item/cars-c84-used-volkswagen-vento-in-hadapsar-pune-iid-1845594314
Honda City (2019),Honda,660000.0,2019,80000.0,Petrol,Automatic,"Gandhipuram, Coimbatore",https://www.olx.in/item/cars-c84-used-honda-city-in-gandhipuram-coimbatore-iid-1842479023
Maruti Suzuki Xl6 (2022),Maruti Suzuki,1150000.0,2022,60000.0,Petrol,Automatic,"Tillain Nagar, Tiruchirappalli",https://www.olx.in/item/cars-c84-used-maruti-suzuki-xl6-in-tillain-nagar-tiruchirappalli-iid-1818340458
Audi Q5 (2023),Audi,4500000.0,2023,36000.0,Petrol,Automatic,"Greater Kailash, Delhi",https://www.olx.in/item/cars-c84-used-audi-q5-in-greater-kailash-delhi-iid-1843579888
Ford Figo Aspire (2015),Ford,365000.0,2015,85000.0,Petrol,Automatic,"Yapral, Hyderabad",https://www.olx.in/item/cars-c84-used-ford-figo-aspire-in-yapral-hyderabad-iid-1842478172
Ford Figo Aspire (2018),Ford,365000.0,2018,40246.0,Petrol,Manual,"Madhapur, Hyderabad",https://www.olx.in/item/cars-c84-used-ford-figo-aspire-in-madhapur-hyderabad-iid-1840459980
Maruti Suzuki Celerio (2020),Maruti Suzuki,475000.0,2020,97500.0,Petrol,Automatic,"Kandanchavadi, Chennai",https://www.olx.in/item/cars-c84-used-maruti-suzuki-celerio-in-kandanchavadi-chennai-iid-1844226750
Maruti Suzuki S-Presso (2022),Maruti Suzuki,482000.0,2022,49046.0,Petrol,Automatic,"Attapur, Hyderabad",https://www.olx.in/item/cars-c84-used-maruti-suzuki-s-presso-in-attapur-hyderabad-iid-1835039423
Honda Br-V (2016),Honda,590000.0,2016,85000.0,Diesel,Automatic,"Sitapur, Sitapur",https://www.olx.in/item/cars-c84-used-honda-brv-in-sitapur-sitapur-iid-1846428563
Bmw 5 Series (2021),BMW,3800000.0,2021,33000.0,Petrol,Automatic,"Banjara Hills, Hyderabad",https://www.olx.in/item/cars-c84-used-bmw-5-series-in-banjara-hills-hyderabad-iid-1845592784
Mercedes-Benz S-Class (2015),Mercedes,2475000.0,2015,71000.0,Petrol,,"Golf Course Road, Gurgaon",https://www.olx.in/item/cars-c84-used-mercedes-benz-s-class-in-golf-course-road-gurgaon-iid-1841175069
Maruti Suzuki Wagon R (2024),Maruti Suzuki,410000.0,2024,21000.0,Petrol,Manual,Sector,https://www.olx.in/item/cars-c84-used-maruti-suzuki-wagon-r-in-sector-12-faridabad-iid-1840804159
Toyota Fortuner (2019),Toyota,2325000.0,2019,100000.0,Petrol,Automatic,"New Ashok Nagar, Delhi",https://www.olx.in/item/cars-c84-used-toyota-fortuner-in-new-ashok-nagar-delhi-iid-1843931138
Mg Hector (2024),MG,1650000.0,2024,75700.0,Petrol,Automatic,"Balapur, Hyderabad",https://www.olx.in/item/cars-c84-used-mg-hector-in-balapur-hyderabad-iid-1842479840
Volkswagen Taigun (2022),Volkswagen,1072000.0,2022,51000.0,Petrol,Manual,"Periyanaickenpalayam, Coimbatore",https://www.olx.in/item/cars-c84-used-volkswagen-taigun-in-periyanaickenpalayam-coimbatore-iid-1841176171
Maruti Suzuki Swift Dzire (2018),Maruti Suzuki,456000.0,2018,80258.0,Petrol,Manual,"Hazratganj, Lucknow",https://www.olx.in/item/cars-c84-used-maruti-suzuki-swift-dzire-in-hazratganj-lucknow-iid-1845396764
Kia Carnival (2020),Kia,2550000.0,2020,78000.0,Diesel,Automatic,"Balkampet, Hyderabad",https://www.olx.in/item/cars-c84-used-kia-carnival-in-balkampet-hyderabad-iid-1844899636
Audi A4 (2025),Audi,3400000.0,2025,20000.0,Petrol,Automatic,"Rajouri Garden, Delhi",https://www.olx.in/item/cars-c84-used-audi-a4-in-rajouri-garden-delhi-iid-1840215795
Skoda Slavia (2022),Skoda,1200000.0,2022,62000.0,Petrol,Manual,"Palayankottai, Tirunelveli",https://www.olx.in/item/cars-c84-used-skoda-slavia-in-palayankottai-tirunelveli-iid-1846509871
Maruti Suzuki Wagon R Stingray (2014),Maruti Suzuki,365000.0,2014,52355.0,Petrol,Manual,"Pathardi Phata, Nashik",https://www.olx.in/item/cars-c84-used-maruti-suzuki-wagon-r-stingray-in-pathardi-phata-nashik-iid-1845191535
Maruti Suzuki Celerio (2019),Maruti Suzuki,385000.0,2019,58000.0,Petrol,Automatic,"Peera Garhi, Delhi",https://www.olx.in/item/cars-c84-used-maruti-suzuki-celerio-in-peera-garhi-delhi-iid-1840216293
Mahindra Bolero (2015),Mahindra,850000.0,2015,57600.0,Diesel,Manual,"Vridhachalan, Erode",https://www.olx.in/item/cars-c84-used-mahindra-bolero-in-erode-tamil-nadu-iid-1842008245
Honda Jazz (2021),Honda,595000.0,2021,45600.0,Petrol,Automatic,"Thindal Malai, Erode",https://www.olx.in/item/cars-c84-used-honda-jazz-in-thindal-malai-erode-iid-1842008639
Honda Wr-V (2021),Honda,730000.0,2021,70000.0,Petrol,Manual,"Janda Panja, Rajahmundry",https://www.olx.in/item/cars-c84-used-honda-wrv-in-janda-panja-rajahmundry-iid-1844720089
Honda City (2017),Honda,333333.0,2017,97531.0,Petrol,Automatic,Indirapuram Shakti Khand,https://www.olx.in/item/cars-c84-used-honda-city-in-indirapuram-shakti-khand-2-ghaziabad-iid-1845896836
Mahindra Thar Roxx (2026),Mahindra,1950000.0,2026,11000.0,Petrol,Manual,"Anand Vihar, Delhi",https://www.olx.in/item/cars-c84-used-mahindra-thar-roxx-in-anand-vihar-delhi-iid-1847381598
Tata Tiago (2019),Tata,295000.0,2019,79400.0,Petrol,Manual,"Gurha Kiran, Jammu",https://www.olx.in/item/cars-c84-used-tata-tiago-in-gurha-kiran-jammu-iid-1847382095
Mercedes-Benz Glc (2025),Mercedes,7500000.0,2025,24000.0,Petrol,Automatic,"Vayunandana Layout, Bengaluru",https://www.olx.in/item/cars-c84-used-mercedes-benz-glc-in-vayunandana-layout-bengaluru-iid-1846796368
Hyundai Grand I10 Nios (2020),Hyundai,415000.0,2020,62000.0,Petrol,Automatic,Mayur Vihar Phase,https://www.olx.in/item/cars-c84-used-hyundai-grand-i10-nios-in-mayur-vihar-phase-3-delhi-iid-1847297110
Hyundai Creta (2023),Hyundai,1085000.0,2023,28000.0,Petrol,Manual,"New Alipur, Kolkata",https://www.olx.in/item/cars-c84-used-hyundai-creta-in-new-alipur-kolkata-iid-1806459073
Hyundai Creta (2019),Hyundai,875000.0,2019,50474.0,Petrol,Automatic,"Manorama Nagar, Thane",https://www.olx.in/item/cars-c84-used-hyundai-creta-in-manorama-nagar-thane-iid-1846429412
Honda Wr-V (2017),Honda,530000.0,2017,140000.0,Petrol,Manual,"Thotapalem, Vizianagaram",https://www.olx.in/item/cars-c84-used-honda-wrv-in-thotapalem-vizianagaram-iid-1847377278
Hyundai Grand I10 Nios (2022),Hyundai,525000.0,2022,25000.0,Petrol,Automatic,"Surajmal Vihar, Delhi",https://www.olx.in/item/cars-c84-used-hyundai-grand-i10-nios-in-surajmal-vihar-delhi-iid-1846794844
Bmw X1 (2014),BMW,9.0,2014,48000.0,Diesel,Automatic,"RV Road, Bengaluru",https://www.olx.in/item/cars-c84-used-bmw-x1-in-rv-road-bengaluru-iid-1841920495
Hyundai Venue (2021),Hyundai,895511.0,2021,56591.0,Petrol,Automatic,"Kuvempu Nagar, Mysuru",https://www.olx.in/item/cars-c84-used-hyundai-venue-in-kuvempu-nagar-mysuru-iid-1842396077
Toyota Fortuner (2023),Toyota,4250000.0,2023,30000.0,Diesel,Automatic,Hsr Layout Sector,https://www.olx.in/item/cars-c84-used-toyota-fortuner-in-hsr-layout-sector-7-bengaluru-iid-1846991590
Honda Elevate (2024),Honda,1450000.0,2024,22017.0,Petrol,Automatic,"Mogappair East Mogappair East, Chennai",https://www.olx.in/item/cars-c84-used-honda-elevate-in-mogappair-east-mogappair-east-chennai-iid-1844746393
Toyota Innova Crysta (2019),Toyota,1475000.0,2019,65000.0,Diesel,Automatic,"Gomti Nagar, Lucknow",https://www.olx.in/item/cars-c84-used-toyota-innova-crysta-in-gomti-nagar-lucknow-iid-1845396938
Ford Ecosport (2020),Ford,580000.0,2020,65000.0,Diesel,Automatic,"Kamta, Lucknow",https://www.olx.in/item/cars-c84-used-ford-ecosport-in-kamta-lucknow-iid-1840613709
Maruti Suzuki S Cross (2015),Maruti Suzuki,695000.0,2015,94000.0,Diesel,Automatic,"Rajarampuri, Kolhapur",https://www.olx.in/item/cars-c84-used-maruti-suzuki-s-cross1-in-rajarampuri-kolhapur-iid-1836974178
Maruti Suzuki Xl6 (2025),Maruti Suzuki,1645000.0,2025,25000.0,Petrol,Automatic,"Kodambakkam, Chennai",https://www.olx.in/item/cars-c84-used-maruti-suzuki-xl6-in-kodambakkam-chennai-iid-1841547198
Mahindra Thar (2021),Mahindra,1220000.0,2021,82000.0,Petrol,Automatic,"Industrial Area, Chandigarh",https://www.olx.in/item/cars-c84-used-mahindra-thar-in-industrial-area-chandigarh-iid-1845793834
Volkswagen Tiguan (2024),Volkswagen,2590000.0,2024,24091.0,Petrol,Automatic,"Banashankari, Bengaluru",https://www.olx.in/item/cars-c84-used-volkswagen-tiguan-in-banashankari-bengaluru-iid-1846794885
Renault Kwid (2019),Renault,245000.0,2019,26000.0,Petrol,Automatic,"Inderlok, Delhi",https://www.olx.in/item/cars-c84-used-renault-kwid-in-inderlok-delhi-iid-1838655634
Hyundai Elite I20 (2018),Hyundai,395000.0,2018,67000.0,Petrol,Manual,"New Town, Kolkata",https://www.olx.in/item/cars-c84-used-hyundai-elite-i20-in-new-town-kolkata-iid-1845064546
Kia Seltos (2020),Kia,849000.0,2020,48000.0,Petrol,Manual,"Nungambakkam, Chennai",https://www.olx.in/item/cars-c84-used-kia-seltos-in-nungambakkam-chennai-iid-1807580090
Honda City (2017),Honda,500000.0,2017,44000.0,Petrol,Automatic,"Inderlok, Delhi",https://www.olx.in/item/cars-c84-used-honda-city-in-inderlok-delhi-iid-1838655121
Maruti Suzuki Ertiga (2016),Maruti Suzuki,795000.0,2016,295000.0,Petrol,Manual,"Ramesh Nagar, Delhi",https://www.olx.in/item/cars-c84-used-maruti-suzuki-ertiga-in-ramesh-nagar-delhi-iid-1838655359
Honda Wr-V (2019),Honda,700300.0,2019,28000.0,Petrol,Manual,"Basavanagudi, Bengaluru",https://www.olx.in/item/cars-c84-used-honda-wrv-in-basavanagudi-bengaluru-iid-1846190953
Maruti Suzuki Xl6 (2025),Maruti Suzuki,1645000.0,2025,25000.0,Petrol,Automatic,"Kodambakkam, Chennai",https://www.olx.in/item/cars-c84-used-maruti-suzuki-xl6-in-kodambakkam-chennai-iid-1841547198
Hyundai Santa Fe (2014),Hyundai,850000.0,2014,170000.0,Diesel,Automatic,"Ghatkopar East, Mumbai",https://www.olx.in/item/cars-c84-used-hyundai-santa-fe-in-ghatkopar-east-mumbai-iid-1846764916
Mercedes-Benz E-Class (2018),Mercedes,2900000.0,2018,30000.0,Diesel,Automatic,"Bypass Road, Thiruvananthapuram",https://www.olx.in/item/cars-c84-used-mercedes-benz-e-class-in-bypass-road-thiruvananthapuram-iid-1841733323
Maruti Suzuki Grand Vitara (2024),Maruti Suzuki,1835000.0,2024,60000.0,CNG,Automatic,"Pookkayil, Tirur",https://www.olx.in/item/cars-c84-used-maruti-suzuki-grand-vitara-in-pookkayil-tirur-iid-1845892292
Audi A3 Cabriolet (2020),Audi,5000000.0,2020,42174.0,Petrol,Automatic,"Panipat Taraf Afghan, Panipat",https://www.olx.in/item/cars-c84-used-audi-a3-cabriolet-in-panipat-taraf-afghan-panipat-iid-1842863713
Maruti Suzuki Swift Dzire (2021),Maruti Suzuki,580000.0,2021,68579.0,Petrol,Manual,"LB Nagar, Hyderabad",https://www.olx.in/item/cars-c84-used-maruti-suzuki-swift-dzire-in-lb-nagar-hyderabad-iid-1845595246
Maruti Suzuki Eeco (2017),Maruti Suzuki,415000.0,2017,148619.0,Petrol,Manual,"Karmanghat, Hyderabad",https://www.olx.in/item/cars-c84-used-maruti-suzuki-eeco-in-karmanghat-hyderabad-iid-1846892688
Mg Gloster (2023),MG,29.0,2023,40000.0,Diesel,Automatic,"Preet Vihar, Delhi",https://www.olx.in/item/cars-c84-used-mg-gloster-in-preet-vihar-delhi-iid-1844032230
Tata Zest (2017),Tata,290000.0,2017,65000.0,Petrol,Manual,"Urban Estate, Patiala",https://www.olx.in/item/cars-c84-used-tata-zest-in-urban-estate-patiala-iid-1845892225
Nissan Sunny (2013),Nissan,228000.0,2013,95000.0,Petrol,Automatic,"Deccan, Pune",https://www.olx.in/item/cars-c84-used-nissan-sunny-in-deccan-pune-iid-1841547081
Land Rover Range Rover Sport (2020),Land Rover,5700000.0,2020,65000.0,Petrol,Automatic,"IMT Rohtak, Rohtak",https://www.olx.in/item/cars-c84-used-land-rover-range-rover-sport-in-imt-rohtak-rohtak-iid-1843835033
Mahindra Scorpio (2020),Mahindra,1390000.0,2020,85000.0,Diesel,Automatic,Sector,https://www.olx.in/item/cars-c84-used-mahindra-scorpio-in-sector-68-mohali-iid-1846991744
Mahindra Scorpio (2016),Mahindra,950000.0,2016,84000.0,Diesel,Manual,"Patiala Vision Enclave, Patiala",https://www.olx.in/item/cars-c84-used-mahindra-scorpio-in-patiala-vision-enclave-patiala-iid-1846325314
Toyota Fortuner (2017),Toyota,2050000.0,2017,65000.0,Diesel,Automatic,Kumbra,https://www.olx.in/item/cars-c84-used-toyota-fortuner-in-kumbra-6-part-mohali-iid-1841733195
Hyundai Grand I10 (2015),Hyundai,335000.0,2015,52000.0,Petrol,Automatic,"Purvi Patel Nagar, Dehradun",https://www.olx.in/item/cars-c84-used-hyundai-grand-i10-in-purvi-patel-nagar-dehradun-iid-1833498726
Land Rover Range Rover Velar (2024),Land Rover,8600000.0,2024,13000.0,Petrol,Automatic,"Pramuj Swami Kutir, Vadodara",https://www.olx.in/item/cars-c84-used-land-rover-range-rover-velar-in-pramuj-swami-kutir-vadodara-iid-1835275599
Bmw X7 (2023),BMW,7600000.0,2023,39387.0,Petrol,Automatic,"Civil Lines, Raipur",https://www.olx.in/item/cars-c84-used-bmw-x7-in-civil-lines-raipur-iid-1845794152
Land Rover Range Rover Sport (2021),Land Rover,6400000.0,2021,50000.0,Petrol,Automatic,"Golf Course Road, Gurgaon",https://www.olx.in/item/cars-c84-used-land-rover-range-rover-sport-in-golf-course-road-gurgaon-iid-1844657844
Porsche Macan (2024),Porsche,7900000.0,2024,10000.0,Petrol,Automatic,"Vadsar Viswamitri Road, Vadodara",https://www.olx.in/item/cars-c84-used-porsche-macan-in-vadsar-viswamitri-road-vadodara-iid-1843053427
Hyundai Venue N Line (2023),Hyundai,1100000.0,2023,21000.0,Petrol,Automatic,"Hadapsar, Pune",https://www.olx.in/item/cars-c84-used-hyundai-venue-n-line-in-hadapsar-pune-iid-1843834168
Hyundai Santro (2005),Hyundai,125000.0,2005,190000.0,Petrol,Manual,"Viraganur, Madurai",https://www.olx.in/item/cars-c84-used-hyundai-santro-in-viraganur-madurai-iid-1841735318
Maruti Suzuki Wagon R (2005),Maruti Suzuki,120000.0,2005,150000.0,Petrol,Manual,"Yeswanthpur, Bengaluru",https://www.olx.in/item/cars-c84-used-maruti-suzuki-wagon-r-in-yeswanthpur-bengaluru-iid-1846521911
Maruti Suzuki Eeco (2024),Maruti Suzuki,451000.0,2024,8052.0,Petrol,Manual,"Kankarbagh, Patna",https://www.olx.in/item/cars-c84-used-maruti-suzuki-eeco-in-kankarbagh-patna-iid-1846695031
Honda Wr-V (2018),Honda,580000.0,2018,70000.0,Petrol,Manual,"Ayali Real Estate Area, Ludhiana",https://www.olx.in/item/cars-c84-used-honda-wrv-in-ayali-real-estate-area-ludhiana-iid-1844903002
Hyundai Grand I10 (2015),Hyundai,375000.0,2015,48000.0,Petrol,Automatic,"New Minal Residency, Bhopal",https://www.olx.in/item/cars-c84-used-hyundai-grand-i10-in-new-minal-residency-bhopal-iid-1844429628
Toyota Fortuner (2013),Toyota,1075000.0,2013,172000.0,Diesel,Automatic,"Swargate, Pune",https://www.olx.in/item/cars-c84-used-toyota-fortuner-in-swargate-pune-iid-1846193315
Ford Ecosport (2016),Ford,461896.0,2016,100000.0,Petrol,Automatic,"Peelamedu, Coimbatore",https://www.olx.in/item/cars-c84-used-ford-ecosport-in-peelamedu-coimbatore-iid-1842147591
Maruti Suzuki Baleno (2023),Maruti Suzuki,600000.0,2023,131000.0,Petrol,Automatic,"Suchitra Road, Hyderabad",https://www.olx.in/item/cars-c84-used-maruti-suzuki-baleno-in-suchitra-road-hyderabad-iid-1845795801
Toyota Fortuner (2026),Toyota,3750000.0,2026,7850.0,Petrol,Automatic,"Chirag Delhi, Delhi",https://www.olx.in/item/cars-c84-used-toyota-fortuner-in-chirag-delhi-delhi-iid-1845796475
Maruti Suzuki Jimny (2023),Maruti Suzuki,1050000.0,2023,20000.0,Petrol,Automatic,Sector,https://www.olx.in/item/cars-c84-used-maruti-suzuki-jimny-in-sector-37c-gurgaon-iid-1845824506
Maruti Suzuki Swift Dzire Tour (2018),Maruti Suzuki,450000.0,2018,97000.0,Diesel,Manual,"Anna Mohalla, Jabalpur",https://www.olx.in/item/cars-c84-used-maruti-suzuki-swift-dzire-tour-in-anna-mohalla-jabalpur-iid-1843000099
Tata Nano (2017),Tata,195000.0,2017,55000.0,Petrol,Automatic,"Pallavaram, Chennai",https://www.olx.in/item/cars-c84-used-tata-nano-in-pallavaram-chennai-iid-1846796419
Hyundai Creta (2016),Hyundai,510000.0,2016,71000.0,Petrol,Manual,"Netaji Subhash Place, Delhi",https://www.olx.in/item/cars-c84-used-hyundai-creta-in-netaji-subhash-place-delhi-iid-1845597209
Hyundai Grand I10 (2017),Hyundai,275000.0,2017,70893.0,Petrol,Manual,"Khirki Village, Delhi",https://www.olx.in/item/cars-c84-used-hyundai-grand-i10-in-khirki-village-delhi-iid-1846259808
Maruti Suzuki Eeco (2024),Maruti Suzuki,625001.0,2024,18000.0,Petrol,Automatic,"Vashi, Navi Mumbai",https://www.olx.in/item/cars-c84-used-maruti-suzuki-eeco-in-vashi-navi-mumbai-iid-1846796779
Maruti Suzuki Wagon R 1.0 (2017),Maruti Suzuki,366000.0,2017,32000.0,Petrol,Automatic,"Vashi, Navi Mumbai",https://www.olx.in/item/cars-c84-used-maruti-suzuki-wagon-r-1-0-in-vashi-navi-mumbai-iid-1845994311
Honda Amaze (2013),Honda,335000.0,2013,83000.0,Petrol,Manual,"GMS Road, Dehradun",https://www.olx.in/item/cars-c84-used-honda-amaze-in-gms-road-dehradun-iid-1841576284
Land Rover Range Rover Sport (2017),Land Rover,6500000.0,2017,87787.0,Petrol,Automatic,"Gachibowli, Hyderabad",https://www.olx.in/item/cars-c84-used-land-rover-range-rover-sport-in-gachibowli-hyderabad-iid-1836805163
Tata Nexon (2022),Tata,843576.0,2022,69000.0,Petrol,Automatic,"Malviya Nagar, Jaipur",https://www.olx.in/item/cars-c84-used-tata-nexon-in-malviya-nagar-jaipur-iid-1831309547
Mercedes-Benz Gla (2019),Mercedes,2750000.0,2019,41000.0,Petrol,Automatic,"Rajouri Garden, Delhi",https://www.olx.in/item/cars-c84-used-mercedes-benz-gla-in-rajouri-garden-delhi-iid-1847187921
Maruti Suzuki Baleno (2023),Maruti Suzuki,719000.0,2023,53000.0,Petrol,Automatic,Vivek Vihar Phase,https://www.olx.in/item/cars-c84-used-maruti-suzuki-baleno-in-vivek-vihar-phase-2-delhi-iid-1841363780
Mg Windsor Ev (2024),MG,1774999.0,2024,29000.0,Electric,Automatic,"Kalyan, Thane",https://www.olx.in/item/cars-c84-used-mg-windsor-ev-in-kalyan-thane-iid-1843247815
Maruti Suzuki Swift (2021),Maruti Suzuki,495000.0,2021,47000.0,Petrol,Manual,"Jangpura, Delhi",https://www.olx.in/item/cars-c84-used-maruti-suzuki-swift-in-jangpura-delhi-iid-1845597882
Mahindra Scorpio (2013),Mahindra,485000.0,2013,125900.0,Diesel,Manual,"Avinashi, Coimbatore",https://www.olx.in/item/cars-c84-used-mahindra-scorpio-in-avinashi-coimbatore-iid-1846797340
Hyundai Creta (2018),Hyundai,1050000.0,2018,65000.0,Petrol,Automatic,"SG Highway, Ahmedabad",https://www.olx.in/item/cars-c84-used-hyundai-creta-in-sg-highway-ahmedabad-iid-1768684179
Nissan Micra Active (2018),Nissan,340000.0,2018,62000.0,Petrol,Manual,"Gandhipuram, Coimbatore",https://www.olx.in/item/cars-c84-used-nissan-micra-active-in-gandhipuram-coimbatore-iid-1830594845
Maruti Suzuki Ertiga (2022),Maruti Suzuki,1050000.0,2022,40000.0,Petrol,Automatic,"Ernakulam HPO, Kochi",https://www.olx.in/item/cars-c84-used-maruti-suzuki-ertiga-in-ernakulam-hpo-kochi-iid-1804094594
Audi Q5 (2017),Audi,2165000.0,2017,110369.0,Diesel,Automatic,"Baner, Pune",https://www.olx.in/item/cars-c84-used-audi-q5-in-baner-pune-iid-1836331944
Hyundai Xcent (2019),Hyundai,450000.0,2019,40000.0,Petrol,Manual,"Sarona, Raipur",https://www.olx.in/item/cars-c84-used-hyundai-xcent-in-sarona-raipur-iid-1845894903
Volkswagen T-Roc (2021),Volkswagen,1499000.0,2021,80000.0,Petrol,Automatic,"Thousand Lights, Chennai",https://www.olx.in/item/cars-c84-used-volkswagen-t-roc-in-thousand-lights-chennai-iid-1842260684
Jeep Compass (2018),Jeep,499999.0,2018,125000.0,Diesel,Automatic,Sector,https://www.olx.in/item/cars-c84-used-jeep-compass-in-sector-20-sirsa-iid-1845893976
Hyundai Creta (2019),Hyundai,1099000.0,2019,63000.0,Petrol,Automatic,"Sabarkunj Society, Himmatnagar",https://www.olx.in/item/cars-c84-used-hyundai-creta-in-sabarkunj-society-himmatnagar-iid-1761426937
Mahindra Xuv 3xo (2024),Mahindra,1190000.0,2024,24000.0,Petrol,Automatic,"New Maninagar, Ahmedabad",https://www.olx.in/item/cars-c84-used-mahindra-xuv-3xo-in-new-maninagar-ahmedabad-iid-1844428778
Toyota Innova Crysta (2017),Toyota,2100000.0,2017,29000.0,Diesel,Automatic,"Uttarahalli Main Road, Bengaluru",https://www.olx.in/item/cars-c84-used-toyota-innova-crysta-in-uttarahalli-main-road-bengaluru-iid-1840614712
Jaguar Xj (2016),Jaguar,4275000.0,2016,27000.0,Diesel,Automatic,"Jayanagar, Bengaluru",https://www.olx.in/item/cars-c84-used-jaguar-xj-in-jayanagar-bengaluru-iid-1845597075
Volkswagen T-Roc (2021),Volkswagen,1499000.0,2021,80000.0,Petrol,Automatic,"Thousand Lights, Chennai",https://www.olx.in/item/cars-c84-used-volkswagen-t-roc-in-thousand-lights-chennai-iid-1842260684
Hyundai I20 (2020),Hyundai,625000.0,2020,60658.0,Petrol,Automatic,"PSG Estate Colony, Coimbatore",https://www.olx.in/item/cars-c84-used-hyundai-i20-in-psg-estate-colony-coimbatore-iid-1847297746
Mahindra Xuv700 (2024),Mahindra,2499993.0,2024,8795.0,Petrol,Automatic,"Navin Sheva, Navi Mumbai",https://www.olx.in/item/cars-c84-used-mahindra-xuv700-in-navin-sheva-navi-mumbai-iid-1847318644
Toyota Innova Crysta (2021),Toyota,1850000.0,2021,151000.0,Diesel,Automatic,"Madri Ka Math, Udaipur",https://www.olx.in/item/cars-c84-used-toyota-innova-crysta-in-madri-ka-math-udaipur-iid-1832599840
Skoda Octavia (2022),Skoda,1871903.0,2022,36917.0,Petrol,Automatic,"Semra, Lucknow",https://www.olx.in/item/cars-c84-used-skoda-octavia-in-semra-lucknow-iid-1847052699
Hyundai Grand I10 Nios (2026),Hyundai,666000.0,2026,217.0,Petrol,Automatic,"Boduppal, Hyderabad",https://www.olx.in/item/cars-c84-used-hyundai-grand-i10-nios-in-boduppal-hyderabad-iid-1847378706
Ford Endeavour (2014),Ford,750000.0,2014,81000.0,Diesel,Manual,"Chowk, Lucknow",https://www.olx.in/item/cars-c84-used-ford-endeavour-in-chowk-lucknow-iid-1838761250
Maruti Suzuki Swift (2017),Maruti Suzuki,305000.0,2017,30486.0,Petrol,Manual,Rohini Sector,https://www.olx.in/item/cars-c84-used-maruti-suzuki-swift-in-rohini-sector-10-delhi-iid-1846085685
Mercedes-Benz E-Class (2021),Mercedes,3500000.0,2021,53000.0,Petrol,Automatic,"Paschim Vihar, Delhi",https://www.olx.in/item/cars-c84-used-mercedes-benz-e-class-in-paschim-vihar-delhi-iid-1843933417
Hyundai Eon (2014),Hyundai,149000.0,2014,38587.0,Petrol,Manual,Rohini Sector,https://www.olx.in/item/cars-c84-used-hyundai-eon-in-rohini-sector-10-delhi-iid-1846636461
Hyundai Elite I20 (2015),Hyundai,568400.0,2015,89000.0,Petrol,Automatic,"Pratap Nagar, Jaipur",https://www.olx.in/item/cars-c84-used-hyundai-elite-i20-in-pratap-nagar-jaipur-iid-1847385843
Hyundai Venue (2020),Hyundai,573300.0,2020,75807.0,Petrol,Manual,Sector,https://www.olx.in/item/cars-c84-used-hyundai-venue-in-sector-17e-chandigarh-iid-1846812650
Hyundai Elite I20 (2016),Hyundai,315000.0,2016,47172.0,Petrol,Manual,"Connaught Place, Delhi",https://www.olx.in/item/cars-c84-used-hyundai-elite-i20-in-connaught-place-delhi-iid-1846940580
Mahindra Xuv500 (2014),Mahindra,650000.0,2014,240000.0,Diesel,Manual,"Vadakkencherry, Palakkad",https://www.olx.in/item/cars-c84-used-mahindra-xuv500-in-vadakkencherry-palakkad-iid-1847384217
Maruti Suzuki S Cross (2022),Maruti Suzuki,625000.0,2022,31321.0,Petrol,Manual,Sector,https://www.olx.in/item/cars-c84-used-maruti-suzuki-s-cross1-in-sector-11-faridabad-iid-1847385943
Volkswagen Virtus (2025),Volkswagen,1425000.0,2025,9100.0,Petrol,Automatic,"Bopal, Ahmedabad",https://www.olx.in/item/cars-c84-used-volkswagen-virtus-in-bopal-ahmedabad-iid-1847381679
Honda City (2021),Honda,650000.0,2021,52113.0,Petrol,Automatic,"Frontier Colony, Faridabad",https://www.olx.in/item/cars-c84-used-honda-city-in-frontier-colony-faridabad-iid-1846648410
Kia Seltos (2019),Kia,1045000.0,2019,54000.0,Petrol,Manual,"Mankavu, Kozhikode",https://www.olx.in/item/cars-c84-used-kia-seltos-in-mankavu-kozhikode-iid-1847385988
Maruti Suzuki Ertiga (2019),Maruti Suzuki,644808.0,2019,105566.0,Petrol,Manual,"Ramgarh Dhani, Gurgaon",https://www.olx.in/item/cars-c84-used-maruti-suzuki-ertiga-in-ramgarh-dhani-gurgaon-iid-1847259758
Hyundai Grand I10 (2015),Hyundai,241931.0,2015,63000.0,Petrol,Automatic,"Borivali West, Mumbai",https://www.olx.in/item/cars-c84-used-hyundai-grand-i10-in-borivali-west-mumbai-iid-1847385913
Mahindra Scorpio Classic (2015),Mahindra,620000.0,2015,140000.0,Diesel,Manual,"Kamangarh, Sultanpur",https://www.olx.in/item/cars-c84-used-mahindra-scorpio-classic-in-kamangarh-sultanpur-iid-1847385995
Hyundai Alcazar (2024),Hyundai,2195000.0,2024,20000.0,Petrol,Automatic,Jogeshwari,https://www.olx.in/item/cars-c84-used-hyundai-alcazar-in-jogeshwarivikhroli-link-road-jvlr-mumbai-iid-1847196415
Audi A6 (2023),Audi,3500000.0,2023,19000.0,Petrol,Automatic,Sector,https://www.olx.in/item/cars-c84-used-audi-a6-in-sector-17a-chandigarh-iid-1847386017
Hyundai New I20 (2022),Hyundai,490000.0,2022,34046.0,Petrol,Manual,"Kanahi, Gurgaon",https://www.olx.in/item/cars-c84-used-hyundai-new-i20-in-kanahi-gurgaon-iid-1846735584
Maruti Suzuki Dzire (2009),Maruti Suzuki,250000.0,2009,72500.0,Petrol,Manual,"Netaji Chowk, Janjgir",https://www.olx.in/item/cars-c84-used-maruti-suzuki-dzire-in-netaji-chowk-janjgir-iid-1845087833
Skoda Rapid (2019),Skoda,750000.0,2019,92241.0,Petrol,Automatic,"Vesu, Surat",https://www.olx.in/item/cars-c84-used-skoda-rapid-in-vesu-surat-iid-1841535936
Maruti Suzuki Ertiga (2015),Maruti Suzuki,550000.0,2015,91000.0,Diesel,Manual,"Sunni Borwad, Junagadh",https://www.olx.in/item/cars-c84-used-maruti-suzuki-ertiga-in-sunni-borwad-junagadh-iid-1847385868
Bmw X3 (2023),BMW,4998000.0,2023,19000.0,Petrol,Automatic,Sector,https://www.olx.in/item/cars-c84-used-bmw-x3-in-sector-18-noida-iid-1847386194
Datsun Go Plus (2018),Audi,315000.0,2018,27000.0,Petrol,Manual,"Purunachatrapur, Chhatrapur",https://www.olx.in/item/cars-c84-used-datsun-go-plus-in-purunachatrapur-chhatrapur-iid-1847096146
Maruti Suzuki Ritz (2009),Maruti Suzuki,200000.0,2009,92000.0,Petrol,Manual,"Rahmat Pura, Rudraram Industrial Area",https://www.olx.in/item/cars-c84-used-maruti-suzuki-ritz-in-rahmat-pura-rudraram-industrial-area-iid-1820521036
Mg Hector Plus (2023),MG,1180000.0,2023,25994.0,Petrol,Automatic,Rohini Sector,https://www.olx.in/item/cars-c84-used-mg-hector-plus-in-rohini-sector-10-delhi-iid-1847119850
Tata Tigor (2017),Tata,266800.0,2017,31881.0,Petrol,Manual,Rohini Sector,https://www.olx.in/item/cars-c84-used-tata-tigor-in-rohini-sector-10-delhi-iid-1846529074
Maruti Suzuki Dzire (2009),Maruti Suzuki,250000.0,2009,72500.0,Petrol,Manual,"Netaji Chowk, Janjgir",https://www.olx.in/item/cars-c84-used-maruti-suzuki-dzire-in-netaji-chowk-janjgir-iid-1845087833
Mercedes-Benz C Class (2009),Mercedes,299000.0,2009,171000.0,Petrol,Automatic,"Sindhu Bhavan Marg, Ahmedabad",https://www.olx.in/item/cars-c84-used-mercedes-benz-c-class-in-sindhu-bhavan-marg-ahmedabad-iid-1846140028
Honda City (2019),Honda,550000.0,2019,55000.0,Petrol,Automatic,"Market Yard, Pune",https://www.olx.in/item/cars-c84-used-honda-city-in-market-yard-pune-iid-1840124733
Maruti Suzuki Grand Vitara (2024),Maruti Suzuki,1255000.0,2024,27311.0,Petrol,Automatic,"Vashi, Navi Mumbai",https://www.olx.in/item/cars-c84-used-maruti-suzuki-grand-vitara-in-vashi-navi-mumbai-iid-1821953503
Hyundai New Santro (2019),Hyundai,340000.0,2019,63000.0,Petrol,Automatic,"Dhurwa, Ranchi",https://www.olx.in/item/cars-c84-used-hyundai-new-santro-in-dhurwa-ranchi-iid-1846140992
Honda City (2019),Honda,475323.0,2019,55000.0,Petrol,Automatic,"Wakad, Pune",https://www.olx.in/item/cars-c84-used-honda-city-in-wakad-pune-iid-1840125256
Maruti Suzuki Wagon R (2016),Maruti Suzuki,285000.0,2016,103000.0,Petrol,Automatic,"Erimayur, Palakkad",https://www.olx.in/item/cars-c84-used-maruti-suzuki-wagon-r-in-erimayur-palakkad-iid-1846897802
Maruti Suzuki Wagon R (2003),Maruti Suzuki,130000.0,2003,165000.0,Petrol,Manual,"Avinashi, Coimbatore",https://www.olx.in/item/cars-c84-used-maruti-suzuki-wagon-r-in-avinashi-coimbatore-iid-1842485388
Volkswagen Vento (2021),Volkswagen,650000.0,2021,40000.0,Petrol,Automatic,"Preet Vihar, Delhi",https://www.olx.in/item/cars-c84-used-volkswagen-vento-in-preet-vihar-delhi-iid-1846399109
Maruti Suzuki Alto 800 (2015),Maruti Suzuki,213000.0,2015,87000.0,Petrol,Manual,"Gomti Nagar, Lucknow",https://www.olx.in/item/cars-c84-used-maruti-suzuki-alto-800-in-gomti-nagar-lucknow-iid-1844921479
Tata Punch (2023),Tata,640000.0,2023,80180.0,Petrol,Automatic,"Gomti Nagar, Lucknow",https://www.olx.in/item/cars-c84-used-tata-punch-in-gomti-nagar-lucknow-iid-1843868450
Jeep Meridian (2022),Jeep,2490000.0,2022,16000.0,Diesel,Automatic,Sector,https://www.olx.in/item/cars-c84-used-jeep-meridian-in-sector-45d-chandigarh-iid-1846907218
Mahindra Thar (2015),Mahindra,350000.0,2015,65000.0,Diesel,Manual,"Sargota Colony, Kaithal",https://www.olx.in/item/cars-c84-used-mahindra-thar-in-kaithal-haryana-iid-1846398291
Hyundai Grand I10 (2016),Hyundai,320000.0,2016,62315.0,Petrol,Manual,"Karol Bagh, Delhi",https://www.olx.in/item/cars-c84-used-hyundai-grand-i10-in-karol-bagh-delhi-iid-1842868435
Mahindra Thar (2022),Mahindra,1525000.0,2022,66000.0,Petrol,Automatic,"BDS Layout, Bengaluru",https://www.olx.in/item/cars-c84-used-mahindra-thar-in-bds-layout-bengaluru-iid-1846819903
Volkswagen Polo (2016),Volkswagen,495000.0,2016,156772.0,Petrol,Manual,"Vasudevapura, Bengaluru",https://www.olx.in/item/cars-c84-used-volkswagen-polo-in-vasudevapura-bengaluru-iid-1847386505
Maruti Suzuki Wagon R (2022),Maruti Suzuki,444000.0,2022,56135.0,Petrol,Manual,Sector,https://www.olx.in/item/cars-c84-used-maruti-suzuki-wagon-r-in-sector-37-noida-iid-1847358729
Ford Fiesta (2014),Ford,250000.0,2014,75315.0,Diesel,Manual,"Nowlur, Mangalagiri",https://www.olx.in/item/cars-c84-used-ford-fiesta-in-nowlur-mangalagiri-iid-1845714626
Maruti Suzuki Ertiga (2019),Maruti Suzuki,1125000.0,2019,125000.0,Petrol,Manual,"Old Bowenpally Nandamuri Nagar, Secunderabad",https://www.olx.in/item/cars-c84-used-maruti-suzuki-ertiga-in-old-bowenpally-nandamuri-nagar-secunderabad-iid-1846897092
Hyundai Verna (2016),Hyundai,650000.0,2016,65000.0,Petrol,Manual,"Old Bowenpally Nandamuri Nagar, Secunderabad",https://www.olx.in/item/cars-c84-used-hyundai-verna-in-old-bowenpally-nandamuri-nagar-secunderabad-iid-1846896493
Maruti Suzuki Baleno (2017),Maruti Suzuki,715000.0,2017,10500.0,Petrol,Automatic,"Jayanagar, Bengaluru",https://www.olx.in/item/cars-c84-used-maruti-suzuki-baleno-in-jayanagar-bengaluru-iid-1846899127
Mercedes-Benz E-Class (2014),Mercedes,1500000.0,2014,90000.0,Diesel,Automatic,"Kolathur Kannagi Nagar, Chennai",https://www.olx.in/item/cars-c84-used-mercedes-benz-e-class-in-kolathur-kannagi-nagar-chennai-iid-1843938964
Maruti Suzuki Baleno (2023),Maruti Suzuki,649000.0,2023,49492.0,Petrol,Automatic,"Ramgarh Dhani, Gurgaon",https://www.olx.in/item/cars-c84-used-maruti-suzuki-baleno-in-ramgarh-dhani-gurgaon-iid-1846737018
Mahindra Thar (2024),Mahindra,1299999.0,2024,33000.0,Diesel,Manual,"Karigar Mohalla, Sikar",https://www.olx.in/item/cars-c84-used-mahindra-thar-in-karigar-mohalla-sikar-iid-1846997174
Toyota Glanza (2020),Toyota,522000.0,2020,39000.0,Petrol,Automatic,"MD Colony, Ajmer",https://www.olx.in/item/cars-c84-used-toyota-glanza-in-md-colony-ajmer-iid-1846996145
Maruti Suzuki Ertiga (2019),Maruti Suzuki,950000.0,2019,90000.0,Petrol,Manual,"New Timber Market Area, Raipur",https://www.olx.in/item/cars-c84-used-maruti-suzuki-ertiga-in-new-timber-market-area-raipur-iid-1836944085
Tata Safari (2022),Tata,1450000.0,2022,98000.0,Diesel,Automatic,"Jalandhar Cantt, Jalandhar",https://www.olx.in/item/cars-c84-used-tata-safari-in-jalandhar-cantt-jalandhar-iid-1846929406
Tata Manza (2011),Tata,200000.0,2011,94000.0,Diesel,Manual,"Nungambakkam Mahalinga Puram, Chennai",https://www.olx.in/item/cars-c84-used-tata-manza-in-nungambakkam-mahalinga-puram-chennai-iid-1838661525
Renault Duster (2014),Renault,525000.0,2014,48000.0,Petrol,Automatic,"Vasai Road, Mumbai",https://www.olx.in/item/cars-c84-used-renault-duster-in-vasai-road-mumbai-iid-1846400840
Kia Seltos (2024),Kia,1750000.0,2024,19000.0,Petrol,Automatic,"Gota, Ahmedabad",https://www.olx.in/item/cars-c84-used-kia-seltos-in-gota-ahmedabad-iid-1846033068
Maruti Suzuki Swift (2008),Maruti Suzuki,195000.0,2008,150000.0,Petrol,Manual,Sector,https://www.olx.in/item/cars-c84-used-maruti-suzuki-swift-in-sector-54-chandigarh-iid-1847194196
Mahindra Scorpio Classic (2024),Mahindra,1850000.0,2024,57000.0,Diesel,Automatic,"Tarnaka, Hyderabad",https://www.olx.in/item/cars-c84-used-mahindra-scorpio-classic-in-tarnaka-hyderabad-iid-1845403719
Kia Sonet (2022),Kia,1050000.0,2022,28000.0,Petrol,Automatic,"Dollars Layout, Bengaluru",https://www.olx.in/item/cars-c84-used-kia-sonet-in-dollars-layout-bengaluru-iid-1840127989
Maruti Suzuki Dzire (2020),Maruti Suzuki,540000.0,2020,42126.0,Petrol,Manual,"Boring Chauraha, Patna",https://www.olx.in/item/cars-c84-used-maruti-suzuki-dzire-in-boring-chauraha-patna-iid-1845900894
Honda City (2015),Honda,499000.0,2015,43000.0,Petrol,Automatic,"Camac Street Area, Kolkata",https://www.olx.in/item/cars-c84-used-honda-city-in-camac-street-area-kolkata-iid-1827742526
Maruti Suzuki Baleno (2018),Maruti Suzuki,518000.0,2018,78000.0,Petrol,Automatic,"Balkampet, Hyderabad",https://www.olx.in/item/cars-c84-used-maruti-suzuki-baleno-in-balkampet-hyderabad-iid-1846998787
Volkswagen Vento (2012),Volkswagen,240000.0,2012,175000.0,Diesel,Manual,"Santosh Nagar, Hyderabad",https://www.olx.in/item/cars-c84-used-volkswagen-vento-in-santosh-nagar-hyderabad-iid-1839636868
Maruti Suzuki Ertiga (2015),Maruti Suzuki,549000.0,2015,54000.0,Petrol,Manual,"Rabindra Sadan, Kolkata",https://www.olx.in/item/cars-c84-used-maruti-suzuki-ertiga-in-rabindra-sadan-kolkata-iid-1827557438
Maruti Suzuki Swift (2016),Maruti Suzuki,278662.0,2016,86000.0,Petrol,Manual,"BM Colony, Vadodara",https://www.olx.in/item/cars-c84-used-maruti-suzuki-swift-in-bm-colony-vadodara-iid-1846942006
Hyundai Santro Xing (2012),Hyundai,240000.0,2012,96000.0,Petrol,Manual,"Gandhipuram, Coimbatore",https://www.olx.in/item/cars-c84-used-hyundai-santro-xing-in-gandhipuram-coimbatore-iid-1840128835
Tata Harrier (2022),Tata,1375000.0,2022,78247.0,Diesel,Automatic,"LB Nagar, Hyderabad",https://www.olx.in/item/cars-c84-used-tata-harrier-in-lb-nagar-hyderabad-iid-1838032767
Toyota Fortuner (2017),Toyota,2360000.0,2017,127472.0,Diesel,Manual,"Lalmati, Guwahati",https://www.olx.in/item/cars-c84-used-toyota-fortuner-in-lalmati-guwahati-iid-1843060562
Ford Endeavour (2016),Ford,1325000.0,2016,134000.0,Diesel,Automatic,"Dubagga, Lucknow",https://www.olx.in/item/cars-c84-used-ford-endeavour-in-dubagga-lucknow-iid-1847193588
Skoda Superb (2015),Skoda,500000.0,2015,76000.0,Petrol,Automatic,"Vishrant Wadi, Pune",https://www.olx.in/item/cars-c84-used-skoda-superb-in-vishrant-wadi-pune-iid-1840043037
Maruti Suzuki Ignis (2018),Maruti Suzuki,485000.0,2018,98000.0,Petrol,Automatic,"Geddalahalli, Bengaluru",https://www.olx.in/item/cars-c84-used-maruti-suzuki-ignis-in-geddalahalli-bengaluru-iid-1846802995
Hyundai I20 (2024),Hyundai,795000.0,2024,61000.0,Petrol,Automatic,"Rayapuram, Tiruppur",https://www.olx.in/item/cars-c84-used-hyundai-i20-in-rayapuram-tiruppur-iid-1842487687
Mg Hector (2019),MG,1095000.0,2019,32524.0,Petrol,Automatic,"Charni Road, Mumbai",https://www.olx.in/item/cars-c84-used-mg-hector-in-charni-road-mumbai-iid-1845532924
Honda Amaze (2021),Honda,499000.0,2021,42365.0,Petrol,Automatic,"Naraina, Delhi",https://www.olx.in/item/cars-c84-used-honda-amaze-in-naraina-delhi-iid-1843448857
Maruti Suzuki Ciaz (2017),Maruti Suzuki,455000.0,2017,75000.0,Petrol,Automatic,South City,https://www.olx.in/item/cars-c84-used-maruti-suzuki-ciaz-in-south-city-1-gurgaon-iid-1845900771
Honda City (2017),Honda,470000.0,2017,31655.0,Petrol,Automatic,"Connaught Place, Delhi",https://www.olx.in/item/cars-c84-used-honda-city-in-connaught-place-delhi-iid-1840226287
Maruti Suzuki Swift (2017),Maruti Suzuki,345000.0,2017,31000.0,Petrol,Automatic,"Anandpuri, Patna",https://www.olx.in/item/cars-c84-used-maruti-suzuki-swift-in-anandpuri-patna-iid-1825165470
Honda Brio (2013),Honda,339000.0,2013,87691.0,Petrol,Automatic,"Saidapet, Chennai",https://www.olx.in/item/cars-c84-used-honda-brio-in-saidapet-chennai-iid-1845801713
Tata Nexon (2019),Tata,499999.0,2019,83000.0,Petrol,Manual,"Sikar Industrial Area, Sikar",https://www.olx.in/item/cars-c84-used-tata-nexon-in-sikar-industrial-area-sikar-iid-1843941362
Maruti Suzuki Alto 800 (2013),Maruti Suzuki,215000.0,2013,37000.0,Petrol,Manual,"Garhali, Jorhat",https://www.olx.in/item/cars-c84-used-maruti-suzuki-alto-800-in-jorhat-assam-iid-1844908423
Mahindra Scorpio Classic (2022),Mahindra,1415000.0,2022,85000.0,Diesel,Manual,"Rohini, Delhi",https://www.olx.in/item/cars-c84-used-mahindra-scorpio-classic-in-rohini-delhi-iid-1841002360
Mahindra Bolero (2015),Mahindra,540000.0,2015,160000.0,Diesel,Manual,"Vandiyur, Madurai",https://www.olx.in/item/cars-c84-used-mahindra-bolero-in-vandiyur-madurai-iid-1843048600
Hyundai I10 (2010),Hyundai,240000.0,2010,115042.0,Petrol,Manual,"Vandiyur, Madurai",https://www.olx.in/item/cars-c84-used-hyundai-i10-in-vandiyur-madurai-iid-1835567861
Audi Q7 (2017),Audi,1750000.0,2017,95000.0,Diesel,Automatic,"Preet Vihar, Delhi",https://www.olx.in/item/cars-c84-used-audi-q7-in-preet-vihar-delhi-iid-1842489611
Honda Jazz (2017),Honda,435000.0,2017,64000.0,Petrol,Automatic,"Chembur, Mumbai",https://www.olx.in/item/cars-c84-used-honda-jazz-in-chembur-mumbai-iid-1845227549
Hyundai Venue (2022),Hyundai,964000.0,2022,16830.0,Petrol,Automatic,"Ashok Vihar, Delhi",https://www.olx.in/item/cars-c84-used-hyundai-venue-in-ashok-vihar-delhi-iid-1839438179
Renault Kwid (2017),Renault,280000.0,2017,120000.0,Petrol,Automatic,"Olpherts Lines, Lucknow",https://www.olx.in/item/cars-c84-used-renault-kwid-in-olpherts-lines-lucknow-iid-1847389945
Maruti Suzuki Wagon R (2020),Maruti Suzuki,475000.0,2020,38000.0,Petrol,Automatic,"Phulwari Sharif, Patna",https://www.olx.in/item/cars-c84-used-maruti-suzuki-wagon-r-in-phulwari-sharif-patna-iid-1844907679
Mg Hector (2020),MG,1095000.0,2020,29800.0,Petrol,Automatic,"Saket, Delhi",https://www.olx.in/item/cars-c84-used-mg-hector-in-saket-delhi-iid-1844600106
Honda City Zx (2021),Honda,985000.0,2021,100000.0,Petrol,Automatic,"Sai Baba Colony, Coimbatore",https://www.olx.in/item/cars-c84-used-honda-city-zx-in-sai-baba-colony-coimbatore-iid-1839242499
Honda City (2015),Honda,486300.0,2015,55256.0,Petrol,Automatic,"Vijay Nagar, Indore",https://www.olx.in/item/cars-c84-used-honda-city-in-vijay-nagar-indore-iid-1846900284
Mg Windsor Ev (2025),MG,1530000.0,2025,23773.0,Electric,Automatic,"Pathardi Phata, Nashik",https://www.olx.in/item/cars-c84-used-mg-windsor-ev-in-pathardi-phata-nashik-iid-1845200358
Hyundai Elite I20 (2016),Hyundai,434200.0,2016,117686.0,Petrol,Manual,"Bangalore City Municipal Corporation Layout, Bengaluru",https://www.olx.in/item/cars-c84-used-hyundai-elite-i20-in-bangalore-city-municipal-corporation-layout-bengaluru-iid-1847330144
Maruti Suzuki Celerio (2016),Maruti Suzuki,379999.0,2016,82500.0,Petrol,Automatic,"Dombivli West, Mumbai",https://www.olx.in/item/cars-c84-used-maruti-suzuki-celerio-in-dombivli-west-mumbai-iid-1847390564
Hyundai Creta (2025),Hyundai,1100000.0,2025,10519.0,Petrol,Automatic,"Bhankrota, Jaipur",https://www.olx.in/item/cars-c84-used-hyundai-creta-in-bhankrota-jaipur-iid-1846469861
Maruti Suzuki Swift (2024),Maruti Suzuki,739999.0,2024,39053.0,Petrol,Automatic,"Bangalore City Municipal Corporation Layout, Bengaluru",https://www.olx.in/item/cars-c84-used-maruti-suzuki-swift-in-bangalore-city-municipal-corporation-layout-bengaluru-iid-1847330174
Renault Triber (2019),Renault,390000.0,2019,52831.0,Petrol,Manual,"Jagatpur, Ahmedabad",https://www.olx.in/item/cars-c84-used-renault-triber-in-jagatpur-ahmedabad-iid-1847390778
Maruti Suzuki Wagon R (2011),Maruti Suzuki,175000.0,2011,85000.0,Petrol,Manual,"Model Town, Jalandhar",https://www.olx.in/item/cars-c84-used-maruti-suzuki-wagon-r-in-model-town-jalandhar-iid-1840675391
Skoda Slavia (2025),Skoda,1324999.0,2025,11246.0,Petrol,Automatic,"Nirala Nagar, Lucknow",https://www.olx.in/item/cars-c84-used-skoda-slavia-in-nirala-nagar-lucknow-iid-1847390794
Maruti Suzuki Omni (2016),Maruti Suzuki,158000.0,2016,65000.0,Petrol,Manual,"Frontier Colony, Jaipur",https://www.olx.in/item/cars-c84-used-maruti-suzuki-omni-in-frontier-colony-jaipur-iid-1835989314
Toyota Etios Liva (2015),Toyota,540000.0,2015,61000.0,Petrol,Manual,"Palat Nagar, Kozhikode",https://www.olx.in/item/cars-c84-used-toyota-etios-liva-in-palat-nagar-kozhikode-iid-1845901860
Maruti Suzuki Wagon R (2019),Maruti Suzuki,380000.0,2019,40000.0,Petrol,Automatic,"Raja Park, Jaipur",https://www.olx.in/item/cars-c84-used-maruti-suzuki-wagon-r-in-raja-park-jaipur-iid-1836699439
Bmw 7 Series (2017),BMW,2375000.0,2017,90000.0,Diesel,Automatic,"Malad West, Mumbai",https://www.olx.in/item/cars-c84-used-bmw-7-series-in-malad-west-mumbai-iid-1845202294
Hyundai Grand I10 Nios (2022),Hyundai,585000.0,2022,61000.0,Petrol,Manual,"Palat Nagar, Kozhikode",https://www.olx.in/item/cars-c84-used-hyundai-grand-i10-nios-in-palat-nagar-kozhikode-iid-1843942459
Skoda Yeti (2015),Skoda,8.0,2015,27500.0,Diesel,Automatic,"Arif Colony, Aurangabad",https://www.olx.in/item/cars-c84-used-skoda-yeti-in-arif-colony-aurangabad-iid-1839876437
Maruti Suzuki S-Presso (2022),Maruti Suzuki,323554.0,2022,42120.0,Petrol,Automatic,"Chokkanahalli, Bengaluru",https://www.olx.in/item/cars-c84-used-maruti-suzuki-s-presso-in-chokkanahalli-bengaluru-iid-1844166352
Hyundai Creta (2022),Hyundai,899000.0,2022,76557.0,Petrol,Manual,"Kaveri layout, Bengaluru",https://www.olx.in/item/cars-c84-used-hyundai-creta-in-kaveri-layout-bengaluru-iid-1845054777
Volkswagen Passat (2018),Volkswagen,1075000.0,2018,82590.0,Diesel,Automatic,"Tapadiya Nagar, Aurangabad",https://www.olx.in/item/cars-c84-used-volkswagen-passat-in-tapadiya-nagar-aurangabad-iid-1846717570
Hyundai Santro Xing (2007),Hyundai,95000.0,2007,79000.0,Petrol,Manual,"Beed Bypass, Aurangabad",https://www.olx.in/item/cars-c84-used-hyundai-santro-xing-in-beed-bypass-aurangabad-iid-1847345775
Maruti Suzuki Ritz (2012),Maruti Suzuki,295000.0,2012,101000.0,Petrol,Automatic,"Navkhanda, Aurangabad",https://www.olx.in/item/cars-c84-used-maruti-suzuki-ritz-in-navkhanda-aurangabad-iid-1840093256
Mahindra Xuv300 (2023),Mahindra,899999.0,2023,95000.0,Diesel,Manual,"Jyoti Nagar, Aurangabad",https://www.olx.in/item/cars-c84-used-mahindra-xuv-300-in-jyoti-nagar-aurangabad-iid-1843253432
Hyundai Xcent (2014),Hyundai,325000.0,2014,120500.0,Diesel,Manual,"Padmapani Colony, Aurangabad",https://www.olx.in/item/cars-c84-used-hyundai-xcent-in-padmapani-colony-aurangabad-iid-1847375114
Volkswagen Tiguan (2018),Volkswagen,17.0,2018,102750.0,Diesel,Automatic,"Arif Colony, Aurangabad",https://www.olx.in/item/cars-c84-used-volkswagen-tiguan-in-arif-colony-aurangabad-iid-1834731678
Skoda Yeti (2016),Skoda,9.0,2016,198000.0,Diesel,Automatic,"Arif Colony, Aurangabad",https://www.olx.in/item/cars-c84-used-skoda-yeti-in-arif-colony-aurangabad-iid-1820412004
Skoda Octavia (2013),Skoda,5.0,2013,145000.0,Diesel,Automatic,"Arif Colony, Aurangabad",https://www.olx.in/item/cars-c84-used-skoda-octavia-in-arif-colony-aurangabad-iid-1846421228
Volkswagen Ameo (2017),Volkswagen,490000.0,2017,122000.0,Petrol,Automatic,"Kranti Chowk, Aurangabad",https://www.olx.in/item/cars-c84-used-volkswagen-ameo-in-kranti-chowk-aurangabad-iid-1845386169
Maruti Suzuki Ignis (2017),Maruti Suzuki,580000.0,2017,92000.0,Diesel,Automatic,"Garkheda Parisar, Aurangabad",https://www.olx.in/item/cars-c84-used-maruti-suzuki-ignis-in-garkheda-parisar-aurangabad-iid-1834173740
Maruti Suzuki Swift (2021),Maruti Suzuki,590000.0,2021,62000.0,Petrol,Automatic,"Garkheda, Aurangabad",https://www.olx.in/item/cars-c84-used-maruti-suzuki-swift-in-garkheda-aurangabad-iid-1841983633
Hyundai Santro Xing (2007),Hyundai,95000.0,2007,79000.0,Petrol,Manual,"Beed Bypass, Aurangabad",https://www.olx.in/item/cars-c84-used-hyundai-santro-xing-in-beed-bypass-aurangabad-iid-1847345775
Volkswagen Passat (2018),Volkswagen,1075000.0,2018,82590.0,Diesel,Automatic,"Tapadiya Nagar, Aurangabad",https://www.olx.in/item/cars-c84-used-volkswagen-passat-in-tapadiya-nagar-aurangabad-iid-1846717570
Maruti Suzuki Ritz (2012),Maruti Suzuki,295000.0,2012,101000.0,Petrol,Automatic,"Navkhanda, Aurangabad",https://www.olx.in/item/cars-c84-used-maruti-suzuki-ritz-in-navkhanda-aurangabad-iid-1840093256
Maruti Suzuki Ignis (2017),Maruti Suzuki,580000.0,2017,92000.0,Diesel,Automatic,"Garkheda Parisar, Aurangabad",https://www.olx.in/item/cars-c84-used-maruti-suzuki-ignis-in-garkheda-parisar-aurangabad-iid-1834173740
Honda Wr-V (2018),Honda,620000.0,2018,89000.0,Petrol,Automatic,"Shivneri Nagar, Aurangabad",https://www.olx.in/item/cars-c84-used-honda-wrv-in-shivneri-nagar-aurangabad-iid-1835237090
Maruti Suzuki Ignis (2017),Maruti Suzuki,580000.0,2017,92000.0,Diesel,Automatic,"Garkheda Parisar, Aurangabad",https://www.olx.in/item/cars-c84-used-maruti-suzuki-ignis-in-garkheda-parisar-aurangabad-iid-1834173740
Skoda Octavia (2013),Skoda,5.0,2013,145000.0,Diesel,Automatic,"Arif Colony, Aurangabad",https://www.olx.in/item/cars-c84-used-skoda-octavia-in-arif-colony-aurangabad-iid-1846421228
Toyota Fortuner (2012),Toyota,1150000.0,2012,225000.0,Diesel,Automatic,"Chandane Chowk, Aurangabad",https://www.olx.in/item/cars-c84-used-toyota-fortuner-in-chandane-chowk-aurangabad-iid-1847345529
Renault Duster (2018),Renault,626000.0,2018,91000.0,Diesel,Automatic,"Garkheda Parisar, Aurangabad",https://www.olx.in/item/cars-c84-used-renault-duster-in-garkheda-parisar-aurangabad-iid-1834173378
Volkswagen Polo (2016),Volkswagen,6.0,2016,122000.0,Petrol,Automatic,"Arif Colony, Aurangabad",https://www.olx.in/item/cars-c84-used-volkswagen-polo-in-arif-colony-aurangabad-iid-1820466928
Ford Endeavour (2016),Ford,21.0,2016,125000.0,Diesel,Automatic,"Arif Colony, Aurangabad",https://www.olx.in/item/cars-c84-used-ford-endeavour-in-arif-colony-aurangabad-iid-1820466369
Ford Endeavour (2016),Ford,2175000.0,2016,160000.0,Diesel,Automatic,"Padegaon, Aurangabad",https://www.olx.in/item/cars-c84-used-ford-endeavour-in-padegaon-aurangabad-iid-1845908611
Toyota Fortuner (2012),Toyota,1150000.0,2012,225000.0,Diesel,Automatic,"Chandane Chowk, Aurangabad",https://www.olx.in/item/cars-c84-used-toyota-fortuner-in-chandane-chowk-aurangabad-iid-1847345529
Maruti Suzuki Ignis (2017),Maruti Suzuki,580000.0,2017,92000.0,Diesel,Automatic,"Garkheda Parisar, Aurangabad",https://www.olx.in/item/cars-c84-used-maruti-suzuki-ignis-in-garkheda-parisar-aurangabad-iid-1834173740
Hyundai I10 (2008),Hyundai,135000.0,2008,0.0,Petrol,Manual,"Younus Colony, Aurangabad",https://www.olx.in/item/cars-c84-used-hyundai-i10-in-younus-colony-aurangabad-iid-1844618066
Volkswagen Vento (2018),Volkswagen,7.0,2018,115000.0,Diesel,Automatic,"Arif Colony, Aurangabad",https://www.olx.in/item/cars-c84-used-volkswagen-vento-in-arif-colony-aurangabad-iid-1820467922
Volkswagen Polo (2016),Volkswagen,6.0,2016,122000.0,Petrol,Automatic,"Arif Colony, Aurangabad",https://www.olx.in/item/cars-c84-used-volkswagen-polo-in-arif-colony-aurangabad-iid-1820466928
Maruti Suzuki Dzire (2010),Maruti Suzuki,180000.0,2010,298000.0,Petrol,Manual,"Kotwalpura, Aurangabad",https://www.olx.in/item/cars-c84-used-maruti-suzuki-dzire-in-kotwalpura-aurangabad-iid-1847382697
Skoda Yeti (2016),Skoda,9.0,2016,179000.0,Diesel,Automatic,"Arif Colony, Aurangabad",https://www.olx.in/item/cars-c84-used-skoda-yeti-in-arif-colony-aurangabad-iid-1820411288
Volkswagen Vento (2019),Volkswagen,7.0,2019,75000.0,Diesel,Automatic,"Arif Colony, Aurangabad",https://www.olx.in/item/cars-c84-used-volkswagen-vento-in-arif-colony-aurangabad-iid-1820469944
Hyundai Accent (2010),Hyundai,125000.0,2010,100000.0,Petrol,Manual,"Mahesh Nagar, Aurangabad",https://www.olx.in/item/cars-c84-used-hyundai-accent-in-mahesh-nagar-aurangabad-iid-1847354176
Skoda Octavia (2013),Skoda,460000.0,2013,120000.0,Diesel,Automatic,"Padmapani Colony, Aurangabad",https://www.olx.in/item/cars-c84-used-skoda-octavia-in-aurangabad-maharashtra-iid-1847112140
Volkswagen Polo (2016),Volkswagen,6.0,2016,122000.0,Petrol,Automatic,"Arif Colony, Aurangabad",https://www.olx.in/item/cars-c84-used-volkswagen-polo-in-arif-colony-aurangabad-iid-1820466928
Volkswagen Tiguan (2018),Volkswagen,17.0,2018,102750.0,Diesel,Automatic,"Arif Colony, Aurangabad",https://www.olx.in/item/cars-c84-used-volkswagen-tiguan-in-arif-colony-aurangabad-iid-1834731678
Maruti Suzuki Celerio (2020),Maruti Suzuki,490000.0,2020,8750.0,Petrol,Automatic,"Disha Nagari, Aurangabad",https://www.olx.in/item/cars-c84-used-maruti-suzuki-celerio-in-disha-nagari-aurangabad-iid-1844835174
Skoda Octavia (2014),Skoda,595000.0,2014,165000.0,Diesel,Automatic,"Garkheda, Aurangabad",https://www.olx.in/item/cars-c84-used-skoda-octavia-in-garkheda-aurangabad-iid-1835236404
Volkswagen Polo (2020),Volkswagen,611000.0,2020,20000.0,Petrol,Automatic,"Kranti Chowk, Aurangabad",https://www.olx.in/item/cars-c84-used-volkswagen-polo-in-kranti-chowk-aurangabad-iid-1846380880
Skoda Yeti (2015),Skoda,8.0,2015,27500.0,Diesel,Automatic,"Arif Colony, Aurangabad",https://www.olx.in/item/cars-c84-used-skoda-yeti-in-arif-colony-aurangabad-iid-1839876437
Mahindra Scorpio (2017),Mahindra,750000.0,2017,80000.0,Diesel,Manual,"Delhi Gate, Aurangabad",https://www.olx.in/item/cars-c84-used-mahindra-scorpio-in-delhi-gate-aurangabad-iid-1836271405
Maruti Suzuki Ignis (2017),Maruti Suzuki,580000.0,2017,92000.0,Diesel,Automatic,"Garkheda Parisar, Aurangabad",https://www.olx.in/item/cars-c84-used-maruti-suzuki-ignis-in-garkheda-parisar-aurangabad-iid-1834173740
Volkswagen Vento (2019),Volkswagen,7.0,2019,75000.0,Diesel,Automatic,"Arif Colony, Aurangabad",https://www.olx.in/item/cars-c84-used-volkswagen-vento-in-arif-colony-aurangabad-iid-1820469944
Skoda Octavia (2013),Skoda,5.0,2013,145000.0,Diesel,Automatic,"Arif Colony, Aurangabad",https://www.olx.in/item/cars-c84-used-skoda-octavia-in-arif-colony-aurangabad-iid-1846421228
Honda City (2015),Honda,395000.0,2015,103000.0,Petrol,Manual,"Kanchanwadi, Aurangabad",https://www.olx.in/item/cars-c84-used-honda-city-in-kanchanwadi-aurangabad-iid-1846569959
Volkswagen Passat (2018),Volkswagen,1075000.0,2018,82590.0,Diesel,Automatic,"Tapadiya Nagar, Aurangabad",https://www.olx.in/item/cars-c84-used-volkswagen-passat-in-tapadiya-nagar-aurangabad-iid-1846717570
Skoda Octavia (2014),Skoda,595000.0,2014,165000.0,Diesel,Automatic,"Garkheda, Aurangabad",https://www.olx.in/item/cars-c84-used-skoda-octavia-in-garkheda-aurangabad-iid-1835236404
Hyundai Verna (2013),Hyundai,397000.0,2013,84000.0,Petrol,Automatic,"Jaswantpura, Aurangabad",https://www.olx.in/item/cars-c84-used-hyundai-verna-in-jaswantpura-aurangabad-iid-1847357721
Volkswagen Vento (2019),Volkswagen,7.0,2019,75000.0,Diesel,Automatic,"Arif Colony, Aurangabad",https://www.olx.in/item/cars-c84-used-volkswagen-vento-in-arif-colony-aurangabad-iid-1820469944
Renault Duster (2018),Renault,626000.0,2018,91000.0,Diesel,Automatic,"Garkheda Parisar, Aurangabad",https://www.olx.in/item/cars-c84-used-renault-duster-in-garkheda-parisar-aurangabad-iid-1834173378
Renault Duster (2018),Renault,626000.0,2018,91000.0,Diesel,Automatic,"Garkheda Parisar, Aurangabad",https://www.olx.in/item/cars-c84-used-renault-duster-in-garkheda-parisar-aurangabad-iid-1834173378
Hyundai Accent (2010),Hyundai,125000.0,2010,100000.0,Petrol,Manual,"Mahesh Nagar, Aurangabad",https://www.olx.in/item/cars-c84-used-hyundai-accent-in-mahesh-nagar-aurangabad-iid-1847354176
Hyundai I10 (2008),Hyundai,135000.0,2008,0.0,Petrol,Manual,"Younus Colony, Aurangabad",https://www.olx.in/item/cars-c84-used-hyundai-i10-in-younus-colony-aurangabad-iid-1844618066
Volkswagen Vento (2019),Volkswagen,7.0,2019,75000.0,Diesel,Automatic,"Arif Colony, Aurangabad",https://www.olx.in/item/cars-c84-used-volkswagen-vento-in-arif-colony-aurangabad-iid-1820469944
Audi A4 (2012),Audi,8.0,2012,118000.0,Diesel,Automatic,"Arif Colony, Aurangabad",https://www.olx.in/item/cars-c84-used-audi-a4-in-arif-colony-aurangabad-iid-1828872607
Tata Nano (2012),Tata,75000.0,2012,63000.0,Petrol,Manual,"Garkheda Parisar, Aurangabad",https://www.olx.in/item/cars-c84-used-tata-nano-in-garkheda-parisar-aurangabad-iid-1847368009
Hyundai I10 (2008),Hyundai,135000.0,2008,0.0,Petrol,Manual,"Younus Colony, Aurangabad",https://www.olx.in/item/cars-c84-used-hyundai-i10-in-younus-colony-aurangabad-iid-1844618066
Hyundai Creta (2023),Hyundai,1050000.0,2023,40000.0,Petrol,Automatic,"Padegaon, Aurangabad",https://www.olx.in/item/cars-c84-used-hyundai-creta-in-padegaon-aurangabad-iid-1844997783
Skoda Yeti (2016),Skoda,9.0,2016,179000.0,Diesel,Automatic,"Arif Colony, Aurangabad",https://www.olx.in/item/cars-c84-used-skoda-yeti-in-arif-colony-aurangabad-iid-1820411288
Honda Wr-V (2018),Honda,620000.0,2018,89000.0,Petrol,Automatic,"Shivneri Nagar, Aurangabad",https://www.olx.in/item/cars-c84-used-honda-wrv-in-shivneri-nagar-aurangabad-iid-1835237090
Skoda Yeti (2015),Skoda,8.0,2015,27500.0,Diesel,Automatic,"Arif Colony, Aurangabad",https://www.olx.in/item/cars-c84-used-skoda-yeti-in-arif-colony-aurangabad-iid-1839876437
Hyundai Accent (2010),Hyundai,125000.0,2010,100000.0,Petrol,Manual,"Mahesh Nagar, Aurangabad",https://www.olx.in/item/cars-c84-used-hyundai-accent-in-mahesh-nagar-aurangabad-iid-1847354176
Volkswagen Vento (2018),Volkswagen,7.0,2018,85000.0,Diesel,Automatic,"Arif Colony, Aurangabad",https://www.olx.in/item/cars-c84-used-volkswagen-vento-in-arif-colony-aurangabad-iid-1839483415
Skoda Yeti (2016),Skoda,9.0,2016,179000.0,Diesel,Automatic,"Arif Colony, Aurangabad",https://www.olx.in/item/cars-c84-used-skoda-yeti-in-arif-colony-aurangabad-iid-1820411288
Volkswagen Vento (2018),Volkswagen,7.0,2018,115000.0,Diesel,Automatic,"Arif Colony, Aurangabad",https://www.olx.in/item/cars-c84-used-volkswagen-vento-in-arif-colony-aurangabad-iid-1820467922
Skoda Yeti (2016),Skoda,9.0,2016,179000.0,Diesel,Automatic,"Arif Colony, Aurangabad",https://www.olx.in/item/cars-c84-used-skoda-yeti-in-arif-colony-aurangabad-iid-1820411288
Maruti Suzuki Swift (2018),Maruti Suzuki,575000.0,2018,138000.0,Petrol,Automatic,"Kranti Chowk, Aurangabad",https://www.olx.in/item/cars-c84-used-maruti-suzuki-swift-in-kranti-chowk-aurangabad-iid-1842468815
Skoda Rapid (2017),Skoda,580000.0,2017,120000.0,Diesel,Automatic,"Garkheda, Aurangabad",https://www.olx.in/item/cars-c84-used-skoda-rapid-in-garkheda-aurangabad-iid-1847256145
Mahindra Xuv300 (2023),Mahindra,899999.0,2023,95000.0,Diesel,Manual,"Jyoti Nagar, Aurangabad",https://www.olx.in/item/cars-c84-used-mahindra-xuv-300-in-jyoti-nagar-aurangabad-iid-1843253432
Maruti Suzuki Ignis (2017),Maruti Suzuki,580000.0,2017,92000.0,Diesel,Automatic,"Garkheda Parisar, Aurangabad",https://www.olx.in/item/cars-c84-used-maruti-suzuki-ignis-in-garkheda-parisar-aurangabad-iid-1834173740
Maruti Suzuki Swift (2007),Maruti Suzuki,130000.0,2007,80000.0,Petrol,Manual,"Silk Mill Colony, Aurangabad",https://www.olx.in/item/cars-c84-used-maruti-suzuki-swift-in-silk-mill-colony-aurangabad-iid-1845211985
Volkswagen Vento (2018),Volkswagen,7.0,2018,115000.0,Diesel,Automatic,"Arif Colony, Aurangabad",https://www.olx.in/item/cars-c84-used-volkswagen-vento-in-arif-colony-aurangabad-iid-1820467922
Skoda Octavia (2014),Skoda,595000.0,2014,165000.0,Diesel,Automatic,"Garkheda, Aurangabad",https://www.olx.in/item/cars-c84-used-skoda-octavia-in-garkheda-aurangabad-iid-1835236404
Volkswagen Polo (2020),Volkswagen,611000.0,2020,20000.0,Petrol,Automatic,"Kranti Chowk, Aurangabad",https://www.olx.in/item/cars-c84-used-volkswagen-polo-in-kranti-chowk-aurangabad-iid-1846380880
Skoda Kodiaq (2019),Skoda,2250000.0,2019,104000.0,Diesel,Automatic,"Younus Colony, Aurangabad",https://www.olx.in/item/cars-c84-used-skoda-kodiaq-in-younus-colony-aurangabad-iid-1846217985
Skoda Yeti (2016),Skoda,9.0,2016,179000.0,Diesel,Automatic,"Arif Colony, Aurangabad",https://www.olx.in/item/cars-c84-used-skoda-yeti-in-arif-colony-aurangabad-iid-1820411288
Maruti Suzuki Ritz (2012),Maruti Suzuki,295000.0,2012,101000.0,Petrol,Automatic,"Navkhanda, Aurangabad",https://www.olx.in/item/cars-c84-used-maruti-suzuki-ritz-in-navkhanda-aurangabad-iid-1840093256
Hyundai Verna (2013),Hyundai,397000.0,2013,84000.0,Petrol,Automatic,"Jaswantpura, Aurangabad",https://www.olx.in/item/cars-c84-used-hyundai-verna-in-jaswantpura-aurangabad-iid-1847357721
Volkswagen Polo (2020),Volkswagen,611000.0,2020,20000.0,Petrol,Automatic,"Kranti Chowk, Aurangabad",https://www.olx.in/item/cars-c84-used-volkswagen-polo-in-kranti-chowk-aurangabad-iid-1846380880
Audi A4 (2012),Audi,8.0,2012,118000.0,Diesel,Automatic,"Arif Colony, Aurangabad",https://www.olx.in/item/cars-c84-used-audi-a4-in-arif-colony-aurangabad-iid-1828872607
Maruti Suzuki Swift (2018),Maruti Suzuki,575000.0,2018,138000.0,Petrol,Automatic,"Kranti Chowk, Aurangabad",https://www.olx.in/item/cars-c84-used-maruti-suzuki-swift-in-kranti-chowk-aurangabad-iid-1842468815
Maruti Suzuki Swift (2021),Maruti Suzuki,590000.0,2021,62000.0,Petrol,Automatic,"Garkheda, Aurangabad",https://www.olx.in/item/cars-c84-used-maruti-suzuki-swift-in-garkheda-aurangabad-iid-1841983633
Skoda Kodiaq (2019),Skoda,2250000.0,2019,104000.0,Diesel,Automatic,"Younus Colony, Aurangabad",https://www.olx.in/item/cars-c84-used-skoda-kodiaq-in-younus-colony-aurangabad-iid-1846217985
Volkswagen Vento (2018),Volkswagen,7.0,2018,115000.0,Diesel,Automatic,"Arif Colony, Aurangabad",https://www.olx.in/item/cars-c84-used-volkswagen-vento-in-arif-colony-aurangabad-iid-1820467922
Volkswagen Polo (2020),Volkswagen,611000.0,2020,20000.0,Petrol,Automatic,"Kranti Chowk, Aurangabad",https://www.olx.in/item/cars-c84-used-volkswagen-polo-in-kranti-chowk-aurangabad-iid-1846380880
Maruti Suzuki Wagon R (2015),Maruti Suzuki,315000.0,2015,65200.0,Petrol,Manual,"Hatesingpura, Aurangabad",https://www.olx.in/item/cars-c84-used-maruti-suzuki-wagon-r-in-hatesingpura-aurangabad-iid-1845226909
Volkswagen Passat (2018),Volkswagen,1075000.0,2018,82590.0,Diesel,Automatic,"Tapadiya Nagar, Aurangabad",https://www.olx.in/item/cars-c84-used-volkswagen-passat-in-tapadiya-nagar-aurangabad-iid-1846717570
Skoda Octavia (2014),Skoda,595000.0,2014,165000.0,Diesel,Automatic,"Garkheda, Aurangabad",https://www.olx.in/item/cars-c84-used-skoda-octavia-in-garkheda-aurangabad-iid-1835236404
Volkswagen Vento (2019),Volkswagen,7.0,2019,75000.0,Diesel,Automatic,"Arif Colony, Aurangabad",https://www.olx.in/item/cars-c84-used-volkswagen-vento-in-arif-colony-aurangabad-iid-1820469944
Maruti Suzuki Swift Dzire Tour (2016),Maruti Suzuki,375000.0,2016,115000.0,Diesel,Automatic,"Navkhanda, Aurangabad",https://www.olx.in/item/cars-c84-used-maruti-suzuki-swift-dzire-tour-in-navkhanda-aurangabad-iid-1844884987
Ford Endeavour (2016),Ford,2175000.0,2016,160000.0,Diesel,Automatic,"Padegaon, Aurangabad",https://www.olx.in/item/cars-c84-used-ford-endeavour-in-padegaon-aurangabad-iid-1845908611
Maruti Suzuki Celerio (2020),Maruti Suzuki,490000.0,2020,8750.0,Petrol,Automatic,"Disha Nagari, Aurangabad",https://www.olx.in/item/cars-c84-used-maruti-suzuki-celerio-in-disha-nagari-aurangabad-iid-1844835174
Mg Hector (2019),MG,774494.0,2019,80678.0,Petrol,Automatic,"Raj Nagar Extension, Ghaziabad",https://www.olx.in/item/cars-c84-used-mg-hector-in-raj-nagar-extension-ghaziabad-iid-1846864604
Volkswagen Taigun (2022),Volkswagen,999999.0,2022,43000.0,Petrol,Automatic,"Khar West, Mumbai",https://www.olx.in/item/cars-c84-used-volkswagen-taigun-in-khar-west-mumbai-iid-1847021209
Mahindra Marazzo (2021),Mahindra,889000.0,2021,99000.0,Diesel,Manual,"Velacheri, Chennai",https://www.olx.in/item/cars-c84-used-mahindra-marazzo-in-velacheri-chennai-iid-1846564719
Mg Hector Plus (2023),MG,1175000.0,2023,19985.0,Petrol,Automatic,Rohini Sector,https://www.olx.in/item/cars-c84-used-mg-hector-plus-in-rohini-sector-10-delhi-iid-1846864603
Volkswagen Polo (2013),Volkswagen,180000.0,2013,200000.0,Diesel,Manual,"Main Market, Jalandhar",https://www.olx.in/item/cars-c84-used-volkswagen-polo-in-main-market-jalandhar-iid-1847403499
Mahindra Jeep (1987),Mahindra,260000.0,1987,99999.0,Diesel,Manual,"Papakkad, Kizhuparamba",https://www.olx.in/item/cars-c84-used-mahindra-jeep-in-papakkad-kizhuparamba-iid-1847403730
Audi A3 (2016),Audi,975000.0,2016,70000.0,Petrol,Automatic,"Jor Bagh, Delhi",https://www.olx.in/item/cars-c84-used-audi-a3-in-jor-bagh-delhi-iid-1847403724
Ford Figo (2014),Ford,150000.0,2014,100100.0,Diesel,Manual,"Ramawapur, Bahraich",https://www.olx.in/item/cars-c84-used-ford-figo-in-ramawapur-bahraich-iid-1847404694
Tata Tiago Nrg (2019),Tata,400000.0,2019,58847.0,Petrol,Manual,Rohini Sector,https://www.olx.in/item/cars-c84-used-tata-tiago-nrg-in-rohini-sector-10-delhi-iid-1847024339
Hyundai Creta (2017),Hyundai,445000.0,2017,82630.0,Petrol,Automatic,Rohini Sector,https://www.olx.in/item/cars-c84-used-hyundai-creta-in-rohini-sector-10-delhi-iid-1846798971
Kia Carens (2022),Kia,1244001.0,2022,51000.0,Petrol,Automatic,"Rabindra Sadan, Kolkata",https://www.olx.in/item/cars-c84-used-kia-carens-in-rabindra-sadan-kolkata-iid-1846101070
Toyota Innova Crysta (2023),Toyota,1545000.0,2023,30500.0,Petrol,Automatic,Industrial Area Phase,https://www.olx.in/item/cars-c84-used-toyota-innova-crysta-in-mohali-punjab-iid-1844832931
Hyundai Verna (2011),Hyundai,279999.0,2011,154000.0,Diesel,Manual,"Jatlapalem, Tadepalligudem",https://www.olx.in/item/cars-c84-used-hyundai-verna-in-jatlapalem-tadepalligudem-iid-1843307078
Maruti Suzuki Wagon R (2021),Maruti Suzuki,450000.0,2021,66982.0,Petrol,Manual,"Khirki Village, Delhi",https://www.olx.in/item/cars-c84-used-maruti-suzuki-wagon-r-in-khirki-village-delhi-iid-1847112972
Hyundai Grand I10 (2015),Hyundai,345000.0,2015,78647.0,Petrol,Automatic,"IFFCO Chowk, Gurgaon",https://www.olx.in/item/cars-c84-used-hyundai-grand-i10-in-iffco-chowk-gurgaon-iid-1842991232
Tata Safari (2021),Tata,1098000.0,2021,45408.0,Diesel,Manual,Rohini Sector,https://www.olx.in/item/cars-c84-used-tata-safari-in-rohini-sector-10-delhi-iid-1846830765
Tata Safari Storme (2019),Tata,670000.0,2019,71300.0,Diesel,Manual,"Anandpuri, Patna",https://www.olx.in/item/cars-c84-used-tata-safari-storme-in-anandpuri-patna-iid-1847405997
Hyundai Venue (2023),Hyundai,895000.0,2023,55354.0,Petrol,Manual,"Anna Nagar Near Gandhi Nagar, Coimbatore",https://www.olx.in/item/cars-c84-used-hyundai-venue-in-anna-nagar-near-gandhi-nagar-coimbatore-iid-1846319842
Maruti Suzuki Swift Dzire (2025),Maruti Suzuki,900000.0,2025,50000.0,CNG,Manual,"Sami Nathan Nagar, Thuraiyur",https://www.olx.in/item/cars-c84-used-maruti-suzuki-swift-dzire-in-sami-nathan-nagar-thuraiyur-iid-1846650561
Maruti Suzuki Swift Dzire (2015),Maruti Suzuki,220000.0,2015,31965.0,Petrol,Manual,"Sarojini Nagar, Delhi",https://www.olx.in/item/cars-c84-used-maruti-suzuki-swift-dzire-in-sarojini-nagar-delhi-iid-1846099155
Maruti Suzuki Vitara Brezza (2019),Maruti Suzuki,650000.0,2019,33000.0,Diesel,Manual,"Hansbihar, Rudrapur",https://www.olx.in/item/cars-c84-used-maruti-suzuki-vitara-brezza-in-hansbihar-rudrapur-iid-1847405745
Mercedes-Benz Cla (2015),Mercedes,1950000.0,2015,124000.0,Diesel,Automatic,"Tatabad Colony, Coimbatore",https://www.olx.in/item/cars-c84-used-mercedes-benz-cla-in-tatabad-colony-coimbatore-iid-1845673026
Maruti Suzuki Swift Dzire (2015),Maruti Suzuki,220000.0,2015,31965.0,Petrol,Manual,"Sarojini Nagar, Delhi",https://www.olx.in/item/cars-c84-used-maruti-suzuki-swift-dzire-in-sarojini-nagar-delhi-iid-1846099155
Hyundai Accent Hatchback (2009),Hyundai,150000.0,2009,80000.0,Petrol,Automatic,"Nidamanuru, Vijayawada",https://www.olx.in/item/cars-c84-used-hyundai-accent-hatchback-in-nidamanuru-vijayawada-iid-1847316786
Ford Ecosport (2018),Ford,765000.0,2018,23459.0,Petrol,Automatic,"Malleshwaram, Bengaluru",https://www.olx.in/item/cars-c84-used-ford-ecosport-in-malleshwaram-bengaluru-iid-1845437364
Datsun Redigo (2017),Audi,115000.0,2017,81846.0,Petrol,Manual,Jaipur,https://www.olx.in/item/cars-c84-used-datsun-redigo-in-jaipur-ajmer-express-highway-jaipur-iid-1845090170
Mg Comet Ev (2023),MG,675000.0,2023,24933.0,Electric,Automatic,"Thane West, Thane",https://www.olx.in/item/cars-c84-used-mg-comet-ev-in-thane-west-thane-iid-1845415705
Maruti Suzuki Ciaz (2017),Maruti Suzuki,650000.0,2017,137000.0,Diesel,Manual,"VL Puram, Rajahmundry",https://www.olx.in/item/cars-c84-used-maruti-suzuki-ciaz-in-vl-puram-rajahmundry-iid-1847045912
Maruti Suzuki Baleno (2023),Maruti Suzuki,675000.0,2023,65600.0,Petrol,Automatic,Sector,https://www.olx.in/item/cars-c84-used-maruti-suzuki-baleno-in-sector-3-karnal-iid-1845980228
Kia Seltos (2021),Kia,1690000.0,2021,52940.0,Petrol,Automatic,"Hitech City, Hyderabad",https://www.olx.in/item/cars-c84-used-kia-seltos-in-hitech-city-hyderabad-iid-1847099630
Hyundai Eon (2014),Hyundai,253300.0,2014,54000.0,Petrol,Manual,"Kithagnur Main Road Halehalli, Bengaluru",https://www.olx.in/item/cars-c84-used-hyundai-eon-in-kithagnur-main-road-halehalli-bengaluru-iid-1844546770
Mg Gloster (2023),MG,2470000.0,2023,71047.0,Diesel,Automatic,"Ramgarh Dhani, Gurgaon",https://www.olx.in/item/cars-c84-used-mg-gloster-in-ramgarh-dhani-gurgaon-iid-1839966503
Maruti Suzuki Wagon R (2023),Maruti Suzuki,461000.0,2023,8900.0,Petrol,Manual,"Vivek Vihar, Jodhpur",https://www.olx.in/item/cars-c84-used-maruti-suzuki-wagon-r-in-vivek-vihar-jodhpur-iid-1847408225
Hyundai Creta (2020),Hyundai,707368.0,2020,22938.0,Petrol,Automatic,"Ramgarh Dhani, Gurgaon",https://www.olx.in/item/cars-c84-used-hyundai-creta-in-ramgarh-dhani-gurgaon-iid-1847408534
Hyundai Elite I20 (2016),Hyundai,439685.0,2016,117686.0,Petrol,Manual,"Gandhi Nagar, Bengaluru",https://www.olx.in/item/cars-c84-used-hyundai-elite-i20-in-gandhi-nagar-bengaluru-iid-1845530174
Tata Tigor (2022),Tata,617400.0,2022,26694.0,Petrol,Automatic,"Chokkanahalli, Bengaluru",https://www.olx.in/item/cars-c84-used-tata-tigor-in-chokkanahalli-bengaluru-iid-1845837954
Hyundai Creta (2016),Hyundai,550000.0,2016,78000.0,Petrol,Automatic,Greater Kailash,https://www.olx.in/item/cars-c84-used-hyundai-creta-in-greater-kailash-2-delhi-iid-1847409510
Maruti Suzuki Swift Dzire (2014),Maruti Suzuki,329000.0,2014,68000.0,Petrol,Manual,"South Extension, Delhi",https://www.olx.in/item/cars-c84-used-maruti-suzuki-swift-dzire-in-south-extension-delhi-iid-1847409487
Honda Br-V (2016),Honda,490000.0,2016,62000.0,Petrol,Automatic,"Janakpuri, Delhi",https://www.olx.in/item/cars-c84-used-honda-brv-in-janakpuri-delhi-iid-1846426317
Renault Kiger (2024),Renault,542689.0,2024,9301.0,Petrol,Automatic,JP Nagar Phase,https://www.olx.in/item/cars-c84-used-renault-kiger-in-jp-nagar-phase-4-bengaluru-iid-1847359449
Maruti Suzuki Dzire (2024),Maruti Suzuki,595000.0,2024,60000.0,Petrol,Automatic,"Abids, Hyderabad",https://www.olx.in/item/cars-c84-used-maruti-suzuki-dzire-in-abids-hyderabad-iid-1847409545
Renault Kiger (2024),Renault,550000.0,2024,13000.0,Petrol,Manual,"Kadappakada, Kollam",https://www.olx.in/item/cars-c84-used-renault-kiger-in-kadappakada-kollam-iid-1847203087
Hyundai Santa Fe (2011),Hyundai,625000.0,2011,110000.0,Diesel,Manual,"Santhi Nagar, Tirunelveli",https://www.olx.in/item/cars-c84-used-hyundai-santa-fe-in-santhi-nagar-tirunelveli-iid-1847022696
Hyundai Creta (2016),Hyundai,600000.0,2016,78000.0,Petrol,Automatic,Greater Kailash,https://www.olx.in/item/cars-c84-used-hyundai-creta-in-greater-kailash-2-delhi-iid-1847409510
Honda Br-V (2016),Honda,490000.0,2016,62000.0,Petrol,Automatic,"Janakpuri, Delhi",https://www.olx.in/item/cars-c84-used-honda-brv-in-janakpuri-delhi-iid-1846426317
